topic,aka,owner,scope,notes,program_flow,pr,cdc_link,spanish
122 CITIES MORTALITY REPORTING SYSTEM,,,ESCALATE,escalate to Rdhara@cdc.gov,,NO,,
ABORTION,,NCCDPHP / DRH,ESCALATE,DRH HOT TOPIC,,YES,http://www.cdc.gov/reproductivehealth/Data_Stats/Abortion.htm,N
ABORTION STATISITICS,,NCCDPHP / DRH,ESCALATE,DRH HOT TOPIC,,YES,http://www.cdc.gov/reproductivehealth/Data_Stats/Abortion.htm,N
ABRIN,,ATSDR / DTEM,IN,Occupational Exposure is NIOSH,Chemical Agents Program Flow,YES,http://emergency.cdc.gov/agent/abrin/basics/facts.asp,Y
ACANTHAMOEBA INFECTION,,"1-800-41-TRAIN
or 404-639-1292
E-mail: ce@cdc.gov
During business hours 8am - 4pm,(after hours caller should leave a message and will be contacted next business day)",IN,,,YES,http://www.cdc.gov/parasites/acanthamoeba/,N
ACINETOBACTER INFECTION,,NCEZID / DHQP,IN,,,,http://www.cdc.gov/HAI/organisms/acinetobacter.html,N
ACQUIRED IMMUNE DEFICIENCY SYNDROME (AIDS),,NCHHSTP / DHAP,IN,,Sexually Transmitted Diseases (STD) Program Flow,YES,http://www.cdc.gov/hiv/,Y
ACRYLAMIDE,Lab measurements,NCEH / DLS,ESCALATE,,,YES,http://www.cdc.gov/niosh/topics/acrylamide/,N
ACTINOMYCETES,Actinomycotic disease,NCEZID/ DHCPP / BSPB,ESCALATE,,Special Pathogens - Program Flow,NO,http://www.cdc.gov/ncezid/dhcpp/bacterial_special/special_lab.html,N
ACTIVE BACTERIAL CORE SURVEILLANCE (ABCS),,NCIRD / DBD,ESCALATE,Please email escalations to :NCIRD/DBD/Meningitis & Vacc. Prev. Diseases:  mvpdb@cdc.gov  and  NCIRD/DBD/respiratory diseases branch: rdb@cdc.gov,National Center for Immunization and Respiratory Disease (NCIRD) - Program Flow,YES,http://www.cdc.gov/abcs/index.html,N
ACTIVE COMMUNITY ENVIRONMENTS INITIATIVE,ACES,NCCDPHP / DNPAO,IN,,DNPAO - Program Flow,YES,http://www.cdc.gov/physicalactivity/strategies/community.html,N
ACUTE INJURY CARE,,NCIPC / DUIP,IN,,,NO,http://www.cdc.gov/injuryresponse/acute_injury.html,N
ADENOVIRUS INFECTION,Respiratory Illnesses and Viruses,NCIRD / DVD,IN,,National Center for Immunization and Respiratory Disease (NCIRD) - Program Flow,YES,http://www.cdc.gov/adenovirus/,N
ADHD,Attention Deficit Hyperactivity Disorder,NCBDDD,IN,,Birth Defects - Program Flow,YES,http://www.cdc.gov/ncbddd/adhd/,Y
ADOLESCENT HEALTH,,NCCDPHP / DASH,IN,"Please note the Spanish VISs are hosted on a non-government website.  You ARE allowed to read from the VISs, but do NOT read any other information from the site",,YES,http://www.cdc.gov/healthyyouth/adolescenthealth/,N
ADOLESCENT PREGNANCY,Teen pregnancy,NCCDPHP / DRH,ESCALATE,DRH HOT TOPIC,,YES,http://www.cdc.gov/TeenPregnancy/,N
" ADOPTION, INTERNATIONAL","International adoption, Medical screening issues",NCEZID / DGMQ,IN,,,NO,http://www.cdc.gov/immigrantrefugeehealth/adoption/,N
ADULT BLOOD LEAD EPIDEMIOLOGY AND SURVEILLANCE,ABLES,NIOSH,IN,,NIOSH - Program Flow,YES,http://www.cdc.gov/niosh/topics/ABLES/ables.html,N
ADVERSE CHILDHOOD EXPERIENCES (ACE),,NCIPC / DVP,IN,,,YES,http://www.cdc.gov/ace/,N
ADVISORY COMMITTEE ON IMMUNZATION PRACTICES,ACIP,NCIRD / ISD,IN,,Immunization - Program Flow,YES,http://www.cdc.gov/vaccines/acip/index.html,N
AEROSOLS,,NIOSH,IN,,NIOSH - Program Flow,YES,http://www.cdc.gov/niosh/topics/aerosols/,N
AFGHANISTAN PROJECT,,NCCDPHP / DRH,ESCALATE,DRH HOT TOPIC,,YES,http://www.cdc.gov/safewater/where_pages/where_Afghanistan.htm,N
AFIX IMMUNIZATION STRATEGY,,NCIRD / ISD,IN,,Immunization - Program Flow,NO,http://www.cdc.gov/vaccines/programs/afix/index.html,N
AFRICAN FIELD EPIDEMIOLOGY NETWORK,AFENET,COGH / DGPHCD,REFER,DGPHCDinfo@cdc.gov,,NO,,N
AFRICAN SLEEPING SICKNESS,"African Trypanosomiasis, Sleeping Sickness",CGH/DPDM/PDB,REFER,"Refer caller to 404-718-4745 8am - 4pm EST ONLY if caller has a doctor's diagnosis for reported issue.  Otherwise, escalate.",Parasitic Diseases - Program Flow,YES,http://www.cdc.gov/parasites/sleepingsickness/,N
AGENCY ADVISORY COMMITTEE (AAC),,OD / OMHD,REFER,OMHD@cdc.gov,,NO,,N
AGENT ORANGE LABORATORY TESTING/RESULTS,"Agent Orange lab test assistance, lab testing results",NCEH / DLS,IN,ONLY escalate questions that relate to lab test results or the type of testing CDC may be able to assist with.,,YES,,
AGENT ORANGE STUDY RECORDS,,OCOO/OCIO,OUT,,,NO,http://www.cdc.gov/nceh/veterans/default1b.htm,N
AGING,Older Adults,NCCDPHP / DPH - SHB,IN,,,YES,http://www.cdc.gov/aging/,N
AGING and HEALTH BEHAVIORS,,NCCDPHP / DPH,IN,,,NO,,
AGING and PUBLIC HEALTH,,NCCDPHP / DPH,IN,,,NO,,
AGRICULTURAL SAFETY (INJURY),,NIOSH,IN,,NIOSH - Program Flow,NO,http://www.cdc.gov/niosh/topics/aginjury/,N
AGRICULTURAL SAFETY AND HEALTH,,NIOSH,IN,,NIOSH - Program Flow,NO,http://www.cdc.gov/niosh/topics/aginjury/,N
AIDS,,NCHHSTP / DHAP,IN,,Sexually Transmitted Diseases (STD) Program Flow,YES,http://www.cdc.gov/hiv/,Y
AIP,Arctic investigations,NCEZID / DPEI,REFER,(907) 729-3400 or (800) 699-0767,,NO,http://www.cdc.gov/ncezid/dpei/aip/about.html,N
AIR POLLUTION & RESPIRATORY HEALTH,,NCEH / EHHE,IN,,,YES,http://www.cdc.gov/nceh/airpollution/,N
AIR QUALITY,"Indoor Air Quality, IAQ",NCEH / EHHE,IN,Workplace-related is NIOSH,,YES,http://www.cdc.gov/niosh/topics/indoorenv/,N
ALBUTEROL- FREE INHALERS,,,REFER,please refer all albuterol -free inhalers inquiries to the FDA at (1-888-INFO-FDA),,NO,,
ALCOHOL - EXCESSIVE USE,Binge Drinking,NCCDPHP / DPH,IN,,,YES,http://m.cdc.gov/en/VitalSigns/binge-drinking,N
ALCOHOL-RELATED DISEASE IMPACT (ARDI),,NCCDPHP / DPH,ESCALATE,,,NO,http://www.cdc.gov/alcohol/ardi.htm,N
ALCOHOL SCREENING AND BRIEF INTERVENTION,,NCIPC / DUIP,IN,,,YES,http://www.cdc.gov/injuryresponse/alcohol-screening/,N
" ALGAL BLOOMS, HARMFUL",,NCEH / EHHE,IN,,,YES,http://www.cdc.gov/nceh/hsb/hab/default.htm,N
ALVEOLAR ECHINOCOCCOSIS,"Echinococcosis, Hydatid Disease",CGH/DPDM/PDB,REFER,"Refer caller to 404-718-4745 8am - 4pm EST ONLY if caller has a doctor's diagnosis for reported issue.  Otherwise, escalate.",Parasitic Diseases - Program Flow,YES,http://www.cdc.gov/parasites/echinococcosis/gen_info/ae-faqs.html,N
ALZHEIMERS DISEASE,,NCCDPHP / DPH,ESCALATE,,,YES,http://www.cdc.gov/aging/aginginfo/alzheimers.htm,N
AMEBIASIS,Entamoeba histolytica infection,NCEZID/DFWED/WDPB,ESCALATE,,,YES,http://www.cdc.gov/parasites/amebiasis/,N
AMERICAN INDIAN / ALASKA NATIVE VACCINATION,,NCIRD / ISD,IN,,Immunization - Program Flow,YES,http://www.cdc.gov/vaccines/spec-grps/ai-an.htm,N
AMERICAN TRYPANOSOMIASIS,Chagas Disease,CGH/DPDM/PDB,IN,,Parasitic Diseases - Program Flow,YES,http://www.cdc.gov/parasites/chagas/,Y
AMMONIA,,ATSDR / DTEM,IN,Occupational Exposure is NIOSH,,YES,http://www.atsdr.cdc.gov/substances/toxsubstance.asp?toxid=2,N
AMYOTROPHIC LATERAL SCLEROSIS REGISTRY,"Lou Gehrig's disease registry, National ALS Registry",Esi Darku,ESCALATE,Registry inquiries should be routed to Tom Hicks at twh1@cdc.gov,,YES,http://wwwn.cdc.gov/ALS/Default.aspx,N
ANAPLASMOSIS,"HGA, human granulocytic anaplasmosis, anaplasma species, tickborne disease",NCEZID / DVBD/RZB,IN,use PRs and escalate if needed to dvbd@cdc.gov,Vectorborne Infectious Diseases - Program Flow,YES,http://www.cdc.gov/anaplasmosis/,N
ANCYLOSTOMIASIS / ANCYLOSTOMA INFECTION,"Hookworm, CLM",CGH/DPDM/PDB,REFER,"Refer caller to 404-718-4745 8am - 4pm EST ONLY if caller has a doctor's diagnosis for reported issue.  Otherwise, escalate.",Parasitic Diseases - Program Flow,YES,http://www.cdc.gov/parasites/hookworm/,N
ANEMIA,,NCBDDD,IN,,Birth Defects - Program Flow,YES,http://www.cdc.gov/nutrition/everyone/basics/vitamins/iron.html,N
ANGIOSTRONGYLIASIS / ANGIOSTRONGYLUS INFECTION,,CGH/DPDM/PDB,REFER,"Refer caller to 404-718-4745 8am - 4pm EST ONLY if caller has a doctor's diagnosis for reported issue.  Otherwise, escalate.",Parasitic Diseases - Program Flow,YES,http://www.cdc.gov/parasites/angiostrongylus/,N
ANIMAL IMPORTATION,,NCEZID / DGMQ,IN,"If needed escalate to DGMQ at nciddqweb@cdc.gov. Please note, for Dog Importation see Dog Confinement Agreements in A-Z",Animal Importation,YES,http://www.cdc.gov/animalimportation/,N
ANIMAL-RELATED DISEASES,,NCEZID / DFWED,IN,,,YES,http://www.cdc.gov/healthypets/,N
" ANIMALS, LABORATORY",,NCEZID / DSR,REFER,askdsr@cdc.gov,,NO,http://www.cdc.gov/od/science/integrity/acupo/,N
ANISAKIASIS / ANISAKIS INFECTION,Pseudoterranova Infection,CGH/DPDM/PDB,REFER,"Refer caller to 404-718-4745 8am - 4pm EST ONLY if caller has a doctor's diagnosis for reported issue.  Otherwise, escalate.",Parasitic Diseases - Program Flow,YES,http://www.cdc.gov/parasites/anisakiasis/,N
ANTHRAX,,NCEZID/ DHCPP / BSPB,IN,,Special Pathogens - Program Flow,YES,http://emergency.cdc.gov/agent/anthrax/,N
ANTHRAX VACCINE,,NCIRD / ISD,IN,Pink Book Information = Tier 3 ONLY,Immunization - Program Flow,YES,http://emergency.cdc.gov/agent/anthrax/vaccination/index.asp,N
ANTIBIOTIC RESISTANCE,,NCEZID / DHQP,IN,,,YES,http://www.cdc.gov/drugresistance/index.html,N
ANTIBIOTIC RESISTANCE IN THE COMMUNITY / OUTPATIENT SETTING,,NCIRD / DBD,ESCALATE,Use RDB Mailbox: rdb@cdc.gov,National Center for Immunization and Respiratory Disease (NCIRD) - Program Flow,YES,http://www.cdc.gov/drugresistance/index.html,N
ANTIMICROBIAL RESISTANCE,,NCEZID / DHQP,IN,,,YES,http://www.cdc.gov/drugresistance/index.html,N
ANTINEOPLASTIC AGENTS,,NIOSH,IN,,NIOSH - Program Flow,YES,http://www.cdc.gov/niosh/topics/antineoplastic/,N
ANTIPHOSPHOLIPID ANTIBODY SYNDROME,APS,,REFER,"Out of scope for CDC; refer to http://www.rarediseases.org; NATIONAL ORGANIZATION FOR RARE DISORDERS, INC Office: 203-744-0100 and http://www.nhlbi.nih.gov NATIONAL INSTITUTES OF HEALTH - NHLBI Office: 301-592-8573",,NO,,
ArboNET SURVEILLANCE SYSTEM,ArboNET,NCEZID / DVBD/ADB,IN,"use PRs and www.cdc.gov/ncidod/dvbid/westnile/USGS_frame.html. Escalate, if needed, to dvbd@cdc.gov",,NO,,
ARCTIC INVESTIGATIONS AIP,AIP,NCEZID / DPEI,REFER,(907) 729-3400 or (800) 699-0767,,YES,http://www.cdc.gov/ncezid/dpei/aip/,N
ARENAVIRUS INFECTION,,NCEZID / DHCPP / VSPB,IN,*Special Pathogen: Use PRs or escalate according to call flow,Special Pathogens - Program Flow,YES,http://www.cdc.gov/vhf/virus-families/arenaviridae.html,N
ARSENIC,,ATSDR / DTEM,IN,Occupational Exposure is NIOSH,,YES,http://emergency.cdc.gov/agent/arsenic/index.asp,Y
ARSINE,,ATSDR / DTEM,IN,Occupational Exposure is NIOSH,,YES,http://emergency.cdc.gov/agent/arsine/facts.asp,N
ART (ASSISTED REPRODUCTIVE TECHNOLOGY),,NCCDPHP / DRH,ESCALATE,DRH HOT TOPIC,,YES,http://www.cdc.gov/ART/index.htm,N
ARTHRITIS,Osteoarthritis,NCCDPHP / DPH,IN,,,YES,http://www.cdc.gov/arthritis/,Y
ARTHROPOD-BORNE DISEASES (ARBOVIRUSES),Arboviruses,NCEZID / DVBD/ADB,IN,use PRs and escalate if needed to dvbd@cdc.gov,,YES,http://www.cdc.gov/ncidod/dvbid/arbor/arbdet.htm,N
ASBESTOS,,ATSDR / DTEM,IN,Occupational Exposure is NIOSH,,YES,http://www.atsdr.cdc.gov/asbestos/                          http://www.cdc.gov/niosh/topics/asbestos/,N
ASCARIASIS / ASCARIS INFECTION,Intestinal Roundworms,CGH/DPDM/PDB,IN,,Parasitic Diseases - Program Flow,YES,http://www.cdc.gov/parasites/ascariasis/,N
ASCUS,Atypical Cells of Undetermined Significance,NCCDPHP / DCPC,ESCALATE,,,NO,http://www.cdc.gov/std/hpv/pap/,N
ASEPTIC MENINGITIS,Viral Meningitis,NCIRD / DVD,IN,,National Center for Immunization and Respiratory Disease (NCIRD) - Program Flow,YES,http://www.cdc.gov/meningitis/viral.html,N
ASPERGILLOSIS / ASPERGILLUS INFECTION,,NCEZID / DFWED,IN,,,YES,http://www.cdc.gov/fungal/aspergillosis/definition.html,N
ASPHALT FUMES,,NIOSH,IN,,NIOSH - Program Flow,NO,http://www.cdc.gov/niosh/topics/asphalt/,Y
ASSISTED REPRODUCTIVE TECHNOLOGY (ART),,NCCDPHP / DRH,ESCALATE,DRH HOT TOPIC,,YES,http://www.cdc.gov/ART/index.htm,N
ASTHMA & ALLERGIES,,NCEH / EHHE,IN,Workplace-related is NIOSH,,YES,http://www.cdc.gov/asthma/    http://www.cdc.gov/niosh/topics/asthma/,N
ASTHMA & SCHOOLS,"Youth and asthma, asthma in schools, asthma and schools",NCCDPHP / DPH - SHB,IN,,,YES,http://www.cdc.gov/HealthyYouth/asthma/index.htm,N
ASTROVIRUS,Viral Gastroenteritis,NCIRD / DVD,ESCALATE,,National Center for Immunization and Respiratory Disease (NCIRD) - Program Flow,YES,http://www.cdc.gov/ncidod/dvrd/revb/gastro/faq.htm,N
ATTENTION DEFICIT/HYPERACTIVITY DISORDER,ADHD,NCBDDD,IN,,Birth Defects - Program Flow,YES,http://www.cdc.gov/ncbddd/adhd/,Y
ATYPIA,,NCCDPHP / DCPC,ESCALATE,,,NO,,
AUTISM,,NCBDDD,IN,,Birth Defects - Program Flow,YES,http://www.cdc.gov/ncbddd/autism/index.html,Y
AVIAN INFLUENZA,"Bird Flu, H5N1",NCIRD / ID,IN,"Any Doctor with paitent or suspected case of avian flu : contact CDC Influenza Division Epidemiology and Prevention Branch at (404) 639-3747 (Monday – Friday, 8:30 AM - 5:00 PM or the EOC on-call epidemiologist at (770) 488-7100 (all other times).  ",Influenza - Program Flow,YES,http://www.cdc.gov/niosh/topics/avianflu/,N
AVIAN INFLUENZA: PROTECTING WORKERS FROM EXPOSURE,,NIOSH,IN,,NIOSH - Program Flow,YES,http://www.cdc.gov/niosh/topics/avianflu/,N
" AVIATION, COMMERCIAL (ALASKA)",,NIOSH,IN,,NIOSH - Program Flow,NO,http://www.cdc.gov/niosh/topics/aviation/,N
" AVIPOX (PIGEONPOX, FOWLPOX, CANARY POX)-NON SENTINEL EVENT",,NCIDOD / SPB,ESCALATE,Speak w/SME 404-639-4129 business hours 8:30AM-5:30PM Eastern,Special Pathogens - Program Flow,NO,,
" AVIPOX (PIGEONPOX, FOWLPOX, CANARY POX)-SENTINEL EVENT",,NCIDOD / SPB,ESCALATE,If  medical professional w/ sentinel event : Transfer to  EOC,Special Pathogens - Program Flow,NO,,
B VIRUS INFECTION,Cercopithecine herpesvirus 1,NCIRD / DVD,IN,,National Center for Immunization and Respiratory Disease (NCIRD) - Program Flow,YES,http://www.cdc.gov/herpesbvirus/,N
BABESIOSIS / BABESIA INFECTION,,CGH/DPDM/PDB,REFER,"Refer caller to 404-718-4745 8am - 4pm EST ONLY if caller has a doctor's diagnosis for reported issue.  Otherwise, escalate.",Parasitic Diseases - Program Flow,YES,http://www.cdc.gov/parasites/babesiosis/,N
BACILLUS CEREUS - EMESIS/GASTROINTESTINAL,,NCEZID / DFWED,ESCALATE,,,NO,,
BACILLUS CEREUS- ANTHRAX-RELATED/OTHER,,NCEZID/ DHCPP / BSPB,ESCALATE,,Special Pathogens - Program Flow,NO,,
BACK BELTS,,NIOSH,IN,,NIOSH - Program Flow,YES,http://www.cdc.gov/niosh/topics/ergonomics/#back,N
BACTERIAL VAGINOSIS (BV),"Gardnerella vaginalis, Mycoplasma hominis",NCHHSTP / DSTDP,IN,,Sexually Transmitted Diseases (STD) Program Flow,YES,http://www.cdc.gov/std/bv/default.htm,Y
BALAMUTHIA MANDRILLARIS,,NCEZID / DFWED / WDPB,ESCALATE,Send to healthywater@cdc.gov,,NO,http://www.cdc.gov/parasites/balamuthia/,N
BALANTIDIASIS / BALANTIDIUM INFECTION,,CGH/DPDM/PDB,REFER,"Refer caller to 404-718-4745 8am - 4pm EST ONLY if caller has a doctor's diagnosis for reported issue.  Otherwise, escalate.",Parasitic Diseases - Program Flow,YES,http://www.cdc.gov/parasites/balantidium/,N
BARTONELLA,"Cat Scratch Disease, Oroyo fever, trench fever, bacillary angiomatosis",NCEZID / DVBD/BDB&RZB,ESCALATE,Escalate to dvbd@cdc.gov,Vectorborne Infectious Diseases - Program Flow,YES,http://www.cdc.gov/bartonella/,N
BARTONELLA HENSELAE INFECTION (CSF),Cat Scratch Disease,NCEZID / DVBD,ESCALATE,,Vectorborne Infectious Diseases - Program Flow,YES,http://www.cdc.gov/bartonella/,N
BASIDIOBOLUS,Gastrointestinal Basidiobolomycosis,NCEZID / DFWED,ESCALATE,,,NO,,
BAYLISASCARIASIS / BAYLISASCARIS INFECTION,Raccoon Roundworm Infection,CGH/DPDM/PDB,REFER,"Refer caller to 404-718-4745 8am - 4pm EST ONLY if caller has a doctor's diagnosis for reported issue.  Otherwise, escalate.",Parasitic Diseases - Program Flow,YES,http://www.cdc.gov/parasites/baylisascaris/,N
BCG (TUBERCULOSIS VACCINE),,NCHHSTP / DTBE,IN,,Tuberculosis (TB) - Program Flow,YES,http://www.cdc.gov/tb/topic/vaccines/default.htm,N
BEDBUGS,,CGH/DPDM/PDB,IN,No escalations for bedbugs please refer to state and local health departments,Parasitic Diseases - Program Flow,YES,http://www.cdc.gov/parasites/bedbugs/,N
BEHAVIORIAL RISK FACTOR SURVEILLANCE SURVEY,BRFSS,NCCDPHP / DPH,IN,Send escalations to dachpublicinquiries@cdc.gov,,YES,http://www.cdc.gov/brfss/,N
BENZENE,,ATSDR / DTEM,IN,Occupational Exposure is NIOSH,,YES,http://www.cdc.gov/niosh/topics/benzene/,N
BERYLLIUM,,ATSDR / DTEM,IN,Occupational Exposure is NIOSH,,YES,http://www.cdc.gov/niosh/topics/beryllium/,N
BICYCLE SADDLES AND REPRODUCTIVE HEALTH,,NIOSH,IN,,NIOSH - Program Flow,NO,http://www.cdc.gov/niosh/topics/bike/,N
BILHARZIA,Schistosomiasis,CGH/DPDM/PDB,IN,,Parasitic Diseases - Program Flow,YES,http://www.cdc.gov/parasites/schistosomiasis/,N
BIOMONITORING,,NCEH / DLS,IN,Workplace-related is NIOSH,,YES,http://www.cdc.gov/biomonitoring/,N
BIOMONITORING GRANTS,,NCEH / DLS,ESCALATE,,,NO,http://www.cdc.gov/biomonitoring/state_grants.html,N
BIOSAFETY,,OD / OHS,,,,YES,http://www.cdc.gov/biosafety/,N
BIOSOLIDS,,NCEH / EEHS,IN,,,YES,http://www.cdc.gov/nceh/ehs/Topics/biosolids.htm,N
BIOTERRORISM,,NCPDCID / DBPR,IN,,,YES,http://emergency.cdc.gov/bioterrorism/,Y
BIOTERRORISM AGENTS/DISEASES,,NCPDCID / DBPR,IN,,,YES,http://emergency.cdc.gov/agent/agentlist.asp,Y
" BIRDS, INFECTIONS FROM",ecology in arboviral diseases only,NCEZID / DVBD,IN,,Vectorborne Infectious Diseases - Program Flow,YES,,
BIRTH CONTROL,Contraception,NCCDPHP / DRH,ESCALATE,DRH HOT TOPIC,,YES,http://www.cdc.gov/reproductivehealth/UnintendedPregnancy/Contraception.htm,N
BIRTH DATA,Natality,NCHS,ESCALATE,,NCHS Health Statistics - Program Flow,YES,http://www.cdc.gov/nchs/births.htm,N
BIRTH DEFECTS,,NCBDDD,IN,,Birth Defects - Program Flow,YES,http://www.cdc.gov/ncbddd/birthdefects/index.html,Y
BISEXUAL HEALTH,,NCHHSTP,IN,"HIV, STD, Hepatitis related topics ",Sexually Transmitted Diseases (STD) Program Flow,YES,http://www.cdc.gov/lgbthealth/women.htm   http://www.cdc.gov/lgbthealth/msm.htm,N
BISPHENOL A,BPA,NCEH / DLS,ESCALATE,,,YES,http://www.cdc.gov/biomonitoring/BisphenolA_FactSheet.html,N
BLACK HENNA TATTOOS,"Tattoos, henna",NCEZID / Travelers' Health,ESCALATE,Escalate to nciddqweb@cdc.gov,Travelers' Health - Program Flow Matrix,NO,http://www.cdc.gov/nceh/ehs/Topics/BodyArt.htm,N
BLACK LUNG,Coal Workers' Pneumoconioses,NIOSH,IN,,NIOSH - Program Flow,YES,http://www.cdc.gov/niosh/topics/pneumoconioses/,N
BLAST INJURIES,,NCIPC / DUIP,IN,,,YES,http://emergency.cdc.gov/masscasualties/blastinjuryfacts.asp,N
BLASTOCYSTIS INFECTION,B. hominis,CGH/DPDM/PDB,IN,,Parasitic Diseases - Program Flow,YES,http://www.cdc.gov/parasites/blastocystis/,N
BLASTOMYCOSIS,,NCEZID / DFWED,IN,,,YES,http://www.cdc.gov/fungal/blastomycosis/,N
BLEEDING DISORDERS,"Hemophilia, von Willebrand Disease",NCBDDD,IN,,Birth Defects - Program Flow,YES,http://www.cdc.gov/ncbddd/blooddisorders/index.html,Y
BLOOD DISORDERS,"Bleeding Disorders, Thrombophilia, Thalassemia",NCBDDD,IN,,Birth Defects - Program Flow,YES,http://www.cdc.gov/ncbddd/blooddisorders/index.html,Y
BLOOD LEAD LEVELS,,NCEH / EEHS,IN,,,YES,http://www.cdc.gov/nceh/lead/,N
BLOODBORNE PATHOGENS,"HIV/AIDS, Hepatitis B & C",NCEZID / DHQP,IN,,,YES,http://www.cdc.gov/niosh/topics/bbp/,Y
BMBL (BIOSAFETY IN MICROBIOLOGICAL AND BIOMEDIAL LABORATORIES),BMBL,OD/ OHS,,,,YES,http://www.cdc.gov/biosafety/publications/bmbl5/,N
BOCAVIRUS,Respiratory Illnesses and Viruses,NCIRD / DVD,ESCALATE,,National Center for Immunization and Respiratory Disease (NCIRD) - Program Flow,YES,,
BODY LICE,"Head lice (Pediculosis), Pubic Lice (Phthiriasis)",CGH/DPDM/PDB,IN,,Parasitic Diseases - Program Flow,YES,http://www.cdc.gov/parasites/lice/body/,Y
BODY AND MIND,BAM,,ESCALATE,Please refer  to all inquires to Kavitha Muthuswamy: ihs8@cdc.gov,,YES,http://www.cdc.gov/bam/index.html,N
BODY MASS INDEX / BMI,BMI,NCCDPHP / DNPAO,IN,,DNPAO - Program Flow,YES,http://www.cdc.gov/healthyweight/assessing/bmi/index.html,N
BODY MEASUREMENTS,,NCCDPHP / DNPAO,IN,,DNPAO - Program Flow,YES,http://www.cdc.gov/healthyweight/assessing/bmi/index.html,N
BODY MEASUREMENTS,Osteoporosis,NCCDPHP / DNPAO,IN,,DNPAO - Program Flow,YES,http://www.cdc.gov/nutrition/everyone/basics/vitamins/calcium.html,N
" BORDER, US - MEXICO HEALTH ISSUES",,NCEH / EHHE,IN,,,NO,http://www.cdc.gov/nceh/hsb/borderhealth/,N
BORRELIA BURGDORFERI INFECTION,"Lyme Disease, bacterial disease, vector-borne",,,,Lyme Disease - Program Flow,YES,http://www.cdc.gov/lyme/,N
BORRELIA MIYAMOTOI,Bacteria,NCEZID / DVBD / BDB,ESCALATE,Escalate to dvbd@cdc.gov,Vectorborne Infectious Diseases - Program Flow,YES,,
BOTULISM,Food Borne Infection; Clostridium botulinum,NCEZID / DFWED,IN,,Botulism - Program Flow,,http://www.cdc.gov/nczved/divisions/dfbmd/diseases/botulism/#treat,N
BOTULISM ANTITOXIN,,,ESCALATE,Transfer to EOC - 770-488-7100,,NO,http://www.cdc.gov/nczved/divisions/dfbmd/diseases/botulism/#treat,N
BOTUSA,Botswana-USA,NCHHSTP / OD,ESCALATE,Escalate to Program based on Topic,,NO,http://www.cdc.gov/botusa/,N
BOVINE PAPULAR STOMATITIS VIRUS-NON SENTINEL EVENT,,NCIDOD / SPB,ESCALATE,Speak w/SME 404-639-4129 business hours 8:30AM-5:30PM Eastern,,NO,,
BOVINE PAPULAR STOMATITIS VIRUS-SENTINEL EVENT,,NCIDOD / SPB,ESCALATE,If  medical professional w/ sentinel event : Transfer to  EOC,,YES,,
BOVINE SPONGIFORM ENCEPHALOPATHY (BSE),"Mad Cow, vCJD",NCEZID / DHCPP / PPHO,ESCALATE,prion@cdc.gov,,YES,http://www.cdc.gov/ncidod/dvrd/bse/,N
BP OIL SPILL,,NIOSH,ESCALATE,,,YES,http://www.cdc.gov/niosh/topics/oilspillresponse/,Y
BRAINERD DIARRHEA,,NCEZID / DFWED,ESCALATE,,,YES,http://www.cdc.gov/nczved/divisions/dfbmd/diseases/brainerd_diarrhea/,N
BREAST CANCER,,NCCDPHP / DCPC,IN,,,YES,http://www.cdc.gov/cancer/breast/,Y
BREASTFEEDING,,NCCDPHP / DNPAO,IN,,DNPAO - Program Flow,YES,http://www.cdc.gov/breastfeeding/,N
BRFSS,Behavioral Risk Factor Surveillance System,NCCDPHP / DPH,IN,,,YES,http://www.cdc.gov/brfss/,N
BROMINATED FLAME RETARDANTS,BFRs,NCEH / DLS,ESCALATE,,,NO,,
BROMINE,,ATSDR / DTEM,IN,Occupational Exposure is NIOSH,,YES,http://emergency.cdc.gov/agent/bromine/,N
BROMOBENZYLCYANIDE (CA),"Tear Gas, Riot Control Agents",ATSDR / DTEM,IN,Occupational Exposure is NIOSH,,NO,http://emergency.cdc.gov/agent/riotcontrol/agentpoisoning.asp,N
BRUCELLOSIS / BRUCELLA INFECTION,Brucella,NCEZID/ DHCPP / BSPB,IN,,Special Pathogens - Program Flow,YES,http://www.cdc.gov/brucellosis/,N
BRUSH UP ON HEALTHY TEETH - (Publication),,NCCDPHP / DOH,ESCALATE,"• The email address for (brushup@cdc.gov) to request copies of “Brush Up on Healthy Teeth” is not working, requestors send an e-mail to: oralhealth@cdc.gov to request copies",,YES,http://www.cdc.gov/OralHealth/publications/factsheets/childrens_oral_health/brushup.htm,N
BSI DIALYSIS COLLABORATIVE,,NCEZID / DHQP,ESCALATE,Escalate to hip@cdc.gov,,NO,http://www.cdc.gov/dialysis/collaborative/,N
BUDGET AND FINANCIAL MANAGEMENT,,FMO,REFER,404.498.4000 and/or FMOservicedesk@cdc.gov,,YES,http://www.cdc.gov/fmo/,N
BUFFALOPOX-NON SENTINEL EVENT,,NCIDOD / SPB,ESCALATE,Speak w/SME 404-639-4129 business hours 8:30AM-5:30PM Eastern,,NO,,
BUFFALOPOX-SENTINEL EVENT,,NCIDOD / SPB,ESCALATE,If  medical professional w/ sentinel event : Transfer to  EOC,,NO,,
BUILT ENVIRONMENT,Healthy Places,NCEH / EEHS,IN,,,YES,http://www.cdc.gov/nceh/information/built_environment.htm,N
BULLY," Bully, Bullying",NCIPC / DVP,IN,,,NO,,
BURKHOLDERIA CEPACIA INFECTION,B. capeacia,NCEZID/ DHCPP / BSPB,ESCALATE,"

",Special Pathogens - Program Flow,NO,http://www.cdc.gov/HAI/organisms/bCepacia.html,N
BURKHOLDERIA PSEUDOMALLEI INFECTION,Melioidosis,NCEZID / DHCPP / BSPP,IN,,Special Pathogens - Program Flow,YES,http://www.cdc.gov/melioidosis/,N
BURULI ULCER,,NCEZID/ DHCPP / BSPB,REFER,All ulcers go to NIH at http://www.niams.nih.gov or 301-495-4484,Special Pathogens - Program Flow,NO,http://www.cdc.gov/nczved/divisions/dfbmd/diseases/buruli_ulcer/technical.html,N
C. SORDELLII,Clostridium sordellii,NCEZID / DHQP,IN,gqw6@cdc.gov,,NO,http://www.cdc.gov/HAI/organisms/cSordellii.html,N
CADMIUM,,ATSDR / DTEM,IN,Occupational Exposure is NIOSH,,YES,http://www.cdc.gov/niosh/topics/cadmium/,N
CALICIVIRUS INFECTION,Norovirus,NCIRD / DVD,IN,"Can be Cruise Ship Related, VSP is in scope",National Center for Immunization and Respiratory Disease (NCIRD) - Program Flow,YES,,
CAMP LEJEUNE,,ATSDR / DHS,IN,"If inquiry is about benefits associated with the Janey Ensminger Act, refer to the following VA website:
http://www.publichealth.va.gov/exposures/camp-lejeune/",,YES,http://www.atsdr.cdc.gov/sites/lejeune/,N
CAMPAIGN TO PREVENT ANTIMICROBIAL RESISTANCE,,NCEZID / DHQP,IN,,,NO,http://www.cdc.gov/drugresistance/campaigns.html,N
CAMPYLOBACTERIOSIS / CAMPYLOBACTER INFECTION,Food Borne Infection,NCEZID / DFWED,IN,,,YES,http://www.cdc.gov/nczved/divisions/dfbmd/diseases/campylobacter/,N
CANCER,,NCCDPHP / DCPC,IN,Workplace-related is NIOSH,,YES,http://www.cdc.gov/cancer/,Y
CANCER CLUSTERS,,NCEH / EHHE,IN,,,YES,http://www.cdc.gov/niosh/topics/cancer/clusters.html,N
CANCER HEALTH DISPARITIES,,NCCDPHP / DCPC,IN,,,YES,http://www.cdc.gov/cancer/healthdisparities/,N
CANCER REGISTRIES,,NCCDPHP / DCPC,IN,,,YES,http://www.cdc.gov/cancer/npcr/,N
CANCER SURVIVORSHIP,,NCCDPHP / DCPC,IN,,,YES,http://www.cdc.gov/cancer/survivorship/,Y
CANDIDIASIS / CANDIDA INFECTION,"Yeast Infection, Thrush",NCEZID / DFWED,IN,,,YES,http://www.cdc.gov/fungal/candidiasis/,N
CAPILLARIASIS / CAPILLARIA INFECTION,,CGH/DPDM/PDB,REFER,"Refer caller to 404-718-4745 8am - 4pm EST ONLY if caller has a doctor's diagnosis for reported issue.  Otherwise, escalate.",Parasitic Diseases - Program Flow,YES,http://www.cdc.gov/parasites/capillaria/,N
CARBAPENEM-RESISTANT ENTEROBACTERIACEAE (CRE),CRE,NCEZID / DHQP,IN,,,YES,http://www.cdc.gov/HAI/organisms/cre/,N
CARBON MONOXIDE,CO,NCEH / EHHE,IN,Workplace-related is NIOSH,,YES,http://emergency.cdc.gov/disasters/carbonmonoxide.asp,N
CARBON MONOXIDE DANGERS IN BOATING,,NIOSH,IN,,NIOSH - Program Flow,YES,http://www.cdc.gov/niosh/topics/coboating/,Y
CARBON MONOXIDE HAZARDS FROM SMALL GAS POWERED ENGINES,,NIOSH,IN,,NIOSH - Program Flow,YES,http://www.cdc.gov/niosh/topics/co/,N
CARBONLESS COPY PAPER,,NIOSH,IN,,NIOSH Program Flow,NO,http://www.cdc.gov/niosh/topics/ccp/,N
CARDIOVASCULAR HEALTH,Heart Disease,NCCDPHP / DHDSP,IN,,,YES,http://www.cdc.gov/dhdsp/,N
CARDIOVIRUS,Picornavirus,NCIRD / DVD,ESCALATE,,National Center for Immunization and Respiratory Disease (NCIRD) - Program Flow,NO,http://www.cdc.gov/ncird/dvd.html,N
CARPAL TUNNEL SYNDROME,Ergonomic and Musculoskeletal Disorders,NIOSH,IN,,NIOSH - Program Flow,YES,http://www.cdc.gov/niosh/topics/ergonomics/,N
CAT SCRATCH DISEASE,"Bartonella, Rochalimaea",NCEZID / DVBD/BDB&RZB,ESCALATE,Escalate to dvbd@cdc.gov,Vectorborne Infectious Diseases - Program Flow,YES,http://www.cdc.gov/bartonella/,N
CATCH-UP IMMUNIZATION SCHEDULER,,NCIRD / ISD,IN,,Immunization - Program Flow,NO,https://www.vacscheduler.org/,N
" CATS, INFECTIONS FROM","Bartonella, Rochalimaea, Plague, Tularemia",NCEZID / DVBD/BDB&RZB,ESCALATE,use PRs if appropriate and escalate to dvbd@cdc.gov,Vectorborne Infectious Diseases - Program Flow,YES,http://www.cdc.gov/bartonella/,N
CDC-TV,"Video requests, broadcast requests",OADC,ESCALATE,escalate requests for CDC TV videos or any broadcast requests to GWQ9@cdc.gov,,NO,http://www.cdc.gov/cdctv/,N
CDC-TRAIN,CDC-TRAIN online training software,OPHSS/CSELS,REFER,"train@cdc.gov
Refer inquirers who have questions SPECIFICALLY about CDC-TRAIN",,NO,https://cdc.train.org,N
CDC WONDER,,NCPHI,IN,Escalations should be sent to rsb@cdc.gov,,YES,http://wonder.cdc.gov/,N
CDC Lab Safety Questions,"Anthrax incident, H5N1 incident",NCEZID / DHQP,IN,Escalations should be sent to rsb@cdc.gov,,LOG CALL,http://www.cdc.gov/media/index.html,N
CDC WONDER,,NCPHI,IN,Escalations should be sent to rsb@cdc.gov,,YES,http://wonder.cdc.gov/,N
CDC/ATSDR MINORITY INITIATIVES COORDINATING COMMITTEE (CAMICC),,OD / OMHD,REFER,OMHD@cdc.gov,,NO,http://www.cdc.gov/minorityhealth/CAMICC.html,N
CDC'S POSITION ON TATTOOING AND HCV INFECTION,Hepatitis C,NCHHSTP / DVH,IN,Escalations should be sent to rsb@cdc.gov,,YES,http://www.cdc.gov/hepatitis/C/index.htm   http://www.cdc.gov/hepatitis/C/cFAQ.htm#transmission,N
" CDC SWITCHBOARD - ATLANTA, GA",,NA,REFER,For callers who wish to speak to specific CDC personnel (non-leadership): 404-639-3311,,NO,,
Cedeca Lapagei,,NCEZID / DHQP,ESCALATE,,,NO,,
CELIAC DISEASE,"Gluten Intolerance, Gluten Free",NONE,REFER,"NATIONAL INSTITUTES OF HEALTH -The National Institute of Diabetes and Digestive and Kidney Diseases 301-496-3583, www2.niddk.nih.gov",,NO,,
CERCARIAL DERMATITIS INFECTION,Swimmer's Itch,CGH/DPDM/PDB,ESCALATE,,Parasitic Diseases - Program Flow,NO,http://www.cdc.gov/parasites/swimmersitch/faqs.html,N
CERCOPITHECINE HERPESVIRUS,B Virus,NCIRD / DVD,IN,,National Center for Immunization and Respiratory Disease (NCIRD) - Program Flow,YES,http://www.cdc.gov/herpesbvirus/index.html,N
CEREBRAL PALSY,,NCBDDD,IN,,Birth Defects - Program Flow,YES,http://www.cdc.gov/ncbddd/cp/index.html,Y
CERVICAL CANCER,,NCCDPHP / DCPC,IN,,,YES,http://www.cdc.gov/cancer/cervical/,Y
CHAGAS DISEASE,Trypanosoma cruzi Infection; American Trypanosomiasis,CGH/DPDM/PDB,IN,,Parasitic Diseases - Program Flow,YES,http://www.cdc.gov/parasites/chagas/,Y
CHANCROID,,NCHHSTP / DSTDP,IN,,Sexually Transmitted Diseases (STD) Program Flow,YES,"
http://www.cdc.gov/std/stats09/other.htm
http://www.cdc.gov/std/treatment/2010/genital-ulcers.htm",N
CHEMICAL AGENT INFORMATION (FOR EMERGENCY RESPONDERS),,NIOSH,IN,,NIOSH - Program Flow,NO,http://www.cdc.gov/niosh/topics/emres/chemagent.html,N
CHEMICAL AGENTS,,ATSDR / DTEM,IN,Occupational Exposure is NIOSH,,YES,http://emergency.cdc.gov/agent/agentlistchem.asp,Y
CHEMICAL PROTECTIVE CLOTHING,,NIOSH,IN,,NIOSH - Program Flow,,http://www.cdc.gov/niosh/topics/protclothing/,N
CHEMICAL SAFETY,,ATSDR / DTEM,IN,Occupational/Workplace Chemical Safety is NIOSH,,YES,http://www.cdc.gov/niosh/topics/chemical-safety/,Y
CHEMICAL TERRORISM PREPAREDNESS GRANTS,,NCEH / DLS,ESCALATE,,,NO,,
CHEMICAL WEAPONS DEMILITARIZATION,,NCEH / EEHS,IN,,,YES,http://www.cdc.gov/nceh/demil/default.htm,N
CHEST RADIOGRAPHY,,NIOSH,IN,,NIOSH - Program Flow,YES,http://www.cdc.gov/niosh/topics/chestradiography/,N
CHIARI,"ARNOLD-CHIARI MALFORMATION , ARNOLD-CHIARI SYNDROME, ARNOLD-CHIARI SYNDROME",,REFER,"Please refer to National Organization for Rare Disorders, INC: www.rarediseases.org / 203-744-0100",,NO,,
TEST,TEST,TEST,TEST,TEST,TEST,TEST,TEST,