,Location,Blackout Date,Nearing Black Out-Check with SD before scheduling
NY,Long Island,Every Thursday,
NY,,,
NY,Albany,1-Jul-15,16-Jun-15
NY,,,
NY,Rochester,11-Jun-15,10-Jun-15
NY,,,
NY,,17-Jun-15,"June 17,2015"
NY,,,
NY,,,18-Jun-15
NY,Warren,,
NY,,,
NY,Corning,None,
NY,,,
NY,Hornell,None,
NY,,,
NY,Livingston,24-Jun-15,
NY,,,
NY,,25-Jun-15,
NY,Schenectady,17-Jun-15,16-Jun-15
NY,,,
NY,New York City,17-Jun-15,
NY,,,
NY,,18-Jun-15,
NY,,,
NY,,24-Jun-15,
NY,,,
NY,,25-Jun-15,
NY,,,
NY,,26-Jun-15,
NY,,,
NY,,2-Jul-15,
NY,,,
NY,,9-Jul-15,
NY,,,
NY,,16-Jul-15,
NY,,,
NY,,23-Jul-15,
NY,,,
NY,,30-Jul-15,
NY,Syracuse,1-Jul-15,
NY,,,
NY,Poughkeepsie,1-Jul-15,
NY,,,
NY,Glens Falls,1-Jul-15,
NY,,,
NY,Johnstown,1-Jul-15,
NY,,,
NY,Hudson,1-Jul-15,
NY,,,
NY,Endicott,,1-Jul-15
NY,,,
NY,Ithaca,,1-Jul-15
NY,,,
NY,Steuben,,1-Jul-15
NY,,,
NY,Niagra Falls,,1-Jul-15
NY,,,
NY,Lockport,,1-Jul-15
NY,,,
NY,Batavia,,1-Jul-15
NY,,,
NY,Jamestown,,1-Jul-15
NY,,,
NY,Buffalo,1-Jul-15,
NY,,,
NY,Bronx,17-Jun-15,
NY,,,
NY,,18-Jun-15,
NY,,,
NY,,24-Jun-15,
NY,,,
NY,,25-Jun-15,
NY,,,
NY,,26-Jun-15,
NY,,,
NY,,2-Jul-15,
NY,,,
NY,,9-Jul-15,
NY,,,
NY,,16-Jul-15,
NY,,,
NY,,23-Jul-15,
NY,,,
NY,,30-Jul-15,
NY,Queens,17-Jun-15,
NY,,,
NY,,18-Jun-15,
NY,,,
NY,,24-Jun-15,
NY,,,
NY,,25-Jun-15,
NY,,,
NY,,26-Jun-15,
NY,,,
NY,,2-Jul-15,
NY,,,
NY,,9-Jul-15,
NY,,,
NY,,16-Jul-15,
NY,,,
NY,,23-Jul-15,
NY,,,
NY,,30-Jul-15,
NY,Brooklyn,17-Jun-15,
NY,,,
NY,,18-Jun-15,
NY,,,
NY,,24-Jun-15,
NY,,,
NY,,25-Jun-15,
NY,,,
NY,,26-Jun-15,
NY,,,
NY,,2-Jul-15,
NY,,,
NY,,9-Jul-15,
NY,,,
NY,,16-Jul-15,
NY,,,
NY,,23-Jul-15,
NY,,,
NY,,30-Jul-15,
NY,Manhattan,17-Jun-15,
NY,,,
NY,,18-Jun-15,
NY,,,
NY,,24-Jun-15,
NY,,,
NY,,25-Jun-15,
NY,,,
NY,,26-Jun-15,
NY,,,
NY,,2-Jul-15,
NY,,,
NY,,9-Jul-15,
NY,,,
NY,,16-Jul-15,
NY,,,
NY,,23-Jul-15,
NY,,,
NY,,30-Jul-15,
NY,Staten Island,17-Jun-15,
NY,,,
NY,,18-Jun-15,
NY,,,
NY,,24-Jun-15,
NY,,,
NY,,25-Jun-15,
NY,,,
NY,,26-Jun-15,
NY,,,
NY,,2-Jul-15,
NY,,,
NY,,9-Jul-15,
NY,,,
NY,,16-Jul-15,
NY,,,
NY,,23-Jul-15,
NY,,,
NY,,30-Jul-15,
NY,White Plains,17-Jun-15,
NY,,,
NY,,18-Jun-15,
NY,,,
NY,,24-Jun-15,
NY,,,
NY,,25-Jun-15,
NY,,,
NY,,26-Jun-15,
NY,,,
NY,,2-Jul-15,
NY,,,
NY,,9-Jul-15,
NY,,,
NY,,16-Jul-15,
NY,,,
NY,,23-Jul-15,
NY,,,
NY,,30-Jul-15,
NY,Scarsdale,17-Jun-15,
NY,,,
NY,,18-Jun-15,
NY,,,
NY,,24-Jun-15,
NY,,,
NY,,25-Jun-15,
NY,,,
NY,,26-Jun-15,
NY,,,
NY,,2-Jul-15,
NY,,,
NY,,9-Jul-15,
NY,,,
NY,,16-Jul-15,
NY,,,
NY,,23-Jul-15,
NY,,,
NY,,30-Jul-15,
NY,Yonkers,17-Jun-15,
NY,,,
NY,,18-Jun-15,
NY,,,
NY,,24-Jun-15,
NY,,,
NY,,25-Jun-15,
NY,,,
NY,,26-Jun-15,
NY,,,
NY,,2-Jul-15,
NY,,,
NY,,9-Jul-15,
NY,,,
NY,,16-Jul-15,
NY,,,
NY,,23-Jul-15,
NY,,,
NY,,30-Jul-15,
NY,Tarrytown,17-Jun-15,
NY,,,
NY,,18-Jun-15,
NY,,,
NY,,24-Jun-15,
NY,,,
NY,,25-Jun-15,
NY,,,
NY,,26-Jun-15,
NY,,,
NY,,2-Jul-15,
NY,,,
NY,,9-Jul-15,
NY,,,
NY,,16-Jul-15,
NY,,,
NY,,23-Jul-15,
NY,,,
NY,,30-Jul-15,
NY,Ardsley,17-Jun-15,
NY,,,
NY,,18-Jun-15,
NY,,,
NY,,24-Jun-15,
NY,,,
NY,,25-Jun-15,
NY,,,
NY,,26-Jun-15,
NY,,,
NY,,2-Jul-15,
NY,,,
NY,,9-Jul-15,
NY,,,
NY,,16-Jul-15,
NY,,,
NY,,23-Jul-15,
NY,,,
NY,,30-Jul-15,
NY,Hastings on Hudson,17-Jun-15,
NY,,,
NY,,18-Jun-15,
NY,,,
NY,,24-Jun-15,
NY,,,
NY,,25-Jun-15,
NY,,,
NY,,26-Jun-15,
NY,,,
NY,,2-Jul-15,
NY,,,
NY,,9-Jul-15,
NY,,,
NY,,16-Jul-15,
NY,,,
NY,,23-Jul-15,
NY,,,
NY,,30-Jul-15,
NY,Dobbs Ferry,17-Jun-15,
NY,,,
NY,,18-Jun-15,
NY,,,
NY,,24-Jun-15,
NY,,,
NY,,25-Jun-15,
NY,,,
NY,,26-Jun-15,
NY,,,
NY,,2-Jul-15,
NY,,,
NY,,9-Jul-15,
NY,,,
NY,,16-Jul-15,
NY,,,
NY,,23-Jul-15,
NY,,,
NY,,30-Jul-15,
NY,Mount Vernon,17-Jun-15,
NY,,,
NY,,18-Jun-15,
NY,,,
NY,,24-Jun-15,
NY,,,
NY,,25-Jun-15,
NY,,,
NY,,26-Jun-15,
NY,,,
NY,,2-Jul-15,
NY,,,
NY,,9-Jul-15,
NY,,,
NY,,16-Jul-15,
NY,,,
NY,,23-Jul-15,
NY,,,
NY,,30-Jul-15,
NY,York Town Heights,17-Jun-15,
NY,,,
NY,,18-Jun-15,
NY,,,
NY,,24-Jun-15,
NY,,,
NY,,25-Jun-15,
NY,,,
NY,,26-Jun-15,
NY,,,
NY,,2-Jul-15,
NY,,,
NY,,9-Jul-15,
NY,,,
NY,,16-Jul-15,
NY,,,
NY,,23-Jul-15,
NY,,,
NY,,30-Jul-15,
NY,Mt. Kisco,17-Jun-15,
NY,,,
NY,,18-Jun-15,
NY,,,
NY,,24-Jun-15,
NY,,,
NY,,25-Jun-15,
NY,,,
NY,,26-Jun-15,
NY,,,
NY,,2-Jul-15,
NY,,,
NY,,9-Jul-15,
NY,,,
NY,,16-Jul-15,
NY,,,
NY,,23-Jul-15,
NY,,,
NY,,30-Jul-15,
NY,Rye,17-Jun-15,
NY,,,
NY,,18-Jun-15,
NY,,,
NY,,24-Jun-15,
NY,,,
NY,,25-Jun-15,
NY,,,
NY,,26-Jun-15,
NY,,,
NY,,2-Jul-15,
NY,,,
NY,,9-Jul-15,
NY,,,
NY,,16-Jul-15,
NY,,,
NY,,23-Jul-15,
NY,,,
NY,,30-Jul-15,
NY,Eastchester,17-Jun-15,
NY,,,
NY,,18-Jun-15,
NY,,,
NY,,24-Jun-15,
NY,,,
NY,,25-Jun-15,
NY,,,
NY,,26-Jun-15,
NY,,,
NY,,2-Jul-15,
NY,,,
NY,,9-Jul-15,
NY,,,
NY,,16-Jul-15,
NY,,,
NY,,23-Jul-15,
NY,,,
NY,,30-Jul-15,
NY,Mamaroneck,17-Jun-15,
NY,,,
NY,,18-Jun-15,
NY,,,
NY,,24-Jun-15,
NY,,,
NY,,25-Jun-15,
NY,,,
NY,,26-Jun-15,
NY,,,
NY,,2-Jul-15,
NY,,,
NY,,9-Jul-15,
NY,,,
NY,,16-Jul-15,
NY,,,
NY,,23-Jul-15,
NY,,,
NY,,30-Jul-15,
NY,Larchmont,17-Jun-15,
NY,,,
NY,,18-Jun-15,
NY,,,
NY,,24-Jun-15,
NY,,,
NY,,25-Jun-15,
NY,,,
NY,,26-Jun-15,
NY,,,
NY,,2-Jul-15,
NY,,,
NY,,9-Jul-15,
NY,,,
NY,,16-Jul-15,
NY,,,
NY,,23-Jul-15,
NY,,,
NY,,30-Jul-15,
NY,Port Chester,17-Jun-15,
NY,,,
NY,,18-Jun-15,
NY,,,
NY,,24-Jun-15,
NY,,,
NY,,25-Jun-15,
NY,,,
NY,,26-Jun-15,
NY,,,
NY,,2-Jul-15,
NY,,,
NY,,9-Jul-15,
NY,,,
NY,,16-Jul-15,
NY,,,
NY,,23-Jul-15,
NY,,,
NY,,30-Jul-15,
NY,Chappaqua,17-Jun-15,
NY,,,
NY,,18-Jun-15,
NY,,,
NY,,24-Jun-15,
NY,,,
NY,,25-Jun-15,
NY,,,
NY,,26-Jun-15,
NY,,,
NY,,2-Jul-15,
NY,,,
NY,,9-Jul-15,
NY,,,
NY,,16-Jul-15,
NY,,,
NY,,23-Jul-15,
NY,,,
NY,,30-Jul-15,
AL,Birmingham,None,
AL,,,
AL,Huntsville,None,
AL,,,
AL,Mobile,None,
AL,,,
AL,Montgomery,None,
AL,,,
AK,,,All future dates until further notice
AK,,,
AZ,Entire State ,"June 15, 2015 (limited instructors but can still book one class)",
AZ,,,
AZ,,"June 17, 2015 (1 instructor after 9am)",
AZ,,,
AZ,,"June 19, 2015 (1 instructor after 12pm)",
AZ,Tuscon,17-Jun-15,
AZ,,,
CO,Colorado Springs,None,
CO,,,
CO,Denver,None,
CO,,,
CO,Fort Collins,None,
CO,,,
CA,Auburn,13-Jun-15,
CA,,,
CA,,15-Jun-15,
CA,,,
CA,,16-Jun-15,
CA,,,
CA,,27-Jun-15,
CA,,28-Jun-15,
CA,Atwater,None,
CA,,,
CA,Avenal,None,
CA,,,
CA,Burlingame,11-Jun-15,
CA,,,
CA,,12-Jun-15,
CA,,,
CA,,13-Jun-15,
CA,,,
CA,,14-Jun-15,
CA,,,
CA,,16-Jun-15,
CA,,,
CA,,"June 17,  2015",
CA,,,
CA,,20-Jun-15,
CA,,,
CA,,23-Jun-15,
CA,,,
CA,,24-Jun-15,
CA,,,
CA,,25-Jun-15,
CA,,,
CA,,26-Jun-15,
CA,,,
CA,,27-Jun-15,
CA,,,
CA,,28-Jun-15,
CA,,,
CA,,11-Jul-15,
CA,Bakersfiled,5-Jun-15,
CA,,,
CA,California City,None,
CA,,,
CA,Carmel,11-Jun-15,
CA,,,
CA,,12-Jun-15,
CA,,,
CA,,13-Jun-15,
CA,,,
CA,,14-Jun-15,
CA,,,
CA,,15-Jun-15,
CA,,,
CA,,16-Jun-15,
CA,,,
CA,,"June 17,  2015",
CA,,,
CA,,18-Jun-15,
CA,,,
CA,,20-Jun-15,
CA,,,
CA,,23-Jun-15,
CA,,,
CA,,24-Jun-15,
CA,,,
CA,,25-Jun-15,
CA,,,
CA,,26-Jun-15,
CA,,,
CA,,27-Jun-15,
CA,,,
CA,,28-Jun-15,
CA,,,
CA,,11-Jul-15,
CA,Chowchilla,None,
CA,,,
CA,Clovis,None,
CA,,,
CA,Coalinga,None,
CA,,,
CA,Concord,11-Jun-15,
CA,,,
CA,,12-Jun-15,
CA,,,
CA,,13-Jun-15,
CA,,,
CA,,14-Jun-15,
CA,,,
CA,,16-Jun-15,
CA,,,
CA,,"June 17,  2015",
CA,,,
CA,,20-Jun-15,
CA,,,
CA,,23-Jun-15,
CA,,,
CA,,24-Jun-15,
CA,,,
CA,,25-Jun-15,
CA,,,
CA,,26-Jun-15,
CA,,,
CA,,27-Jun-15,
CA,,,
CA,,28-Jun-15,
CA,,,
CA,,11-Jul-15,
CA,Corcoran,None,
CA,,,
CA,Crescent City,13-Jun-15,
CA,,,
CA,,20-Jun-15,
CA,,,
CA,,24-Jun-15,
CA,,,
CA,,25-Jun-15,
CA,,,
CA,,26-Jun-15,
CA,,27-Jun-15,
CA,Delano,None,
CA,,,
CA,Dinuba,None,
CA,,,
CA,Downey,5-Jun-15,
CA,,,
CA,Dos Palos,None,
CA,,,
CA,El Monte,None,
CA,,,
CA,Elk Grove,13-Jun-15,
CA,,,
CA,,15-Jun-15,
CA,,,
CA,,16-Jun-15,
CA,,,
CA,,27-Jun-15,
CA,,28-Jun-15,
CA,,6-Jun-15,
CA,,,
CA,,7-Jun-15,
CA,,,
CA,,9-Jun-15,
CA,,,
CA,,13-Jun-15,
CA,,,
CA,,20-Jun-15,
CA,,,
CA,,24-Jun-15,
CA,,,
CA,,25-Jun-15,
CA,,,
CA,,26-Jun-15,
CA,,,
CA,,27-Jun-15,
CA,,,
CA,,11-Jul-15,
CA,Exeter,None,
CA,,,
CA,Fair Oaks,13-Jun-15,
CA,,,
CA,,15-Jun-15,
CA,,,
CA,,16-Jun-15,
CA,,,
CA,,27-Jun-15,
CA,,28-Jun-15,
CA,Farmersville,None,
CA,,,
CA,Firebaugh,None,
CA,,,
CA,Fowler,None,
CA,,,
CA,Fresno,None,
CA,,,
CA,Glendale,None,
CA,,,
CA,Gustine,None,
CA,,,
CA,Hanford,None,
CA,,,
CA,Hollister,11-Jun-15,
CA,,,
CA,,12-Jun-15,
CA,,,
CA,,13-Jun-15,
CA,,,
CA,,14-Jun-15,
CA,,,
CA,,15-Jun-15,
CA,,,
CA,,16-Jun-15,
CA,,,
CA,,"June 17,  2015",
CA,,,
CA,,18-Jun-15,
CA,,,
CA,,20-Jun-15,
CA,,,
CA,,23-Jun-15,
CA,,,
CA,,24-Jun-15,
CA,,,
CA,,25-Jun-15,
CA,,,
CA,,26-Jun-15,
CA,,,
CA,,27-Jun-15,
CA,,,
CA,,28-Jun-15,
CA,,,
CA,,11-Jul-15,
CA,Huron,None,
CA,,,
CA,Kingsburg,None,
CA,,,
CA,Lakeport,11-Jun-15,
CA,,,
CA,,12-Jun-15,
CA,,,
CA,,13-Jun-15,
CA,,,
CA,,14-Jun-15,
CA,,,
CA,,16-Jun-15,
CA,,,
CA,,"June 17,  2015",
CA,,,
CA,,20-Jun-15,
CA,,,
CA,,23-Jun-15,
CA,,,
CA,,24-Jun-15,
CA,,,
CA,,25-Jun-15,
CA,,,
CA,,26-Jun-15,
CA,,,
CA,,27-Jun-15,
CA,,,
CA,,28-Jun-15,
CA,,,
CA,,11-Jul-15,
CA,Lancaster,None,
CA,,,
CA,Lemore,None,
CA,,,
CA,Lindsay,None,
CA,,,
CA,Livingston,None,
CA,,,
CA,Long Beach,None,
CA,,,
CA,Los Angeles,11-Jun-15,
CA,,,
CA,,13-Jun-15,
CA,,,
CA,,17-Jun-15,
CA,Los Banos,None,
CA,,,
CA,Los Gatos,None,
CA,,,
CA,Madera,None,
CA,,,
CA,Maricopa,None,
CA,,,
CA,Mendota,None,
CA,,,
CA,McFarland,None,
CA,,,
CA,Merced,None,
CA,,,
CA,Modesto,13-Jun-15,
CA,,,
CA,,15-Jun-15,
CA,,,
CA,,16-Jun-15,
CA,,,
CA,,27-Jun-15,
CA,,28-Jun-15,
CA,Monterey,11-Jun-15,
CA,,,
CA,,13-Jun-15,
CA,,,
CA,,17-Jun-15,
CA,Morgan Hill,11-Jun-15,
CA,,,
CA,,12-Jun-15,
CA,,,
CA,,13-Jun-15,
CA,,,
CA,,14-Jun-15,
CA,,,
CA,,16-Jun-15,
CA,,,
CA,,"June 17,  2015",
CA,,,
CA,,20-Jun-15,
CA,,,
CA,,23-Jun-15,
CA,,,
CA,,24-Jun-15,
CA,,,
CA,,25-Jun-15,
CA,,,
CA,,26-Jun-15,
CA,,,
CA,,27-Jun-15,
CA,,,
CA,,28-Jun-15,
CA,,,
CA,,11-Jul-15,
CA,Napa,11-Jun-15,
CA,,,
CA,,12-Jun-15,
CA,,,
CA,,13-Jun-15,
CA,,,
CA,,14-Jun-15,
CA,,,
CA,,16-Jun-15,
CA,,,
CA,,"June 17,  2015",
CA,,,
CA,,20-Jun-15,
CA,,,
CA,,23-Jun-15,
CA,,,
CA,,24-Jun-15,
CA,,,
CA,,25-Jun-15,
CA,,,
CA,,26-Jun-15,
CA,,,
CA,,27-Jun-15,
CA,,,
CA,,28-Jun-15,
CA,,,
CA,,11-Jul-15,
CA,Oakland,11-Jun-15,
CA,,,
CA,,12-Jun-15,
CA,,,
CA,,13-Jun-15,
CA,,,
CA,,14-Jun-15,
CA,,,
CA,,16-Jun-15,
CA,,,
CA,,"June 17,  2015",
CA,,,
CA,,20-Jun-15,
CA,,,
CA,,23-Jun-15,
CA,,,
CA,,24-Jun-15,
CA,,,
CA,,25-Jun-15,
CA,,,
CA,,26-Jun-15,
CA,,,
CA,,27-Jun-15,
CA,,,
CA,,28-Jun-15,
CA,,,
CA,,11-Jul-15,
CA,Orange Cove,None,
CA,,,
CA,Palm Dale,None,
CA,,,
CA,Palo Alto,None,
CA,,,
CA,Parlier,None,
CA,,,
CA,Pasadena,None,
CA,,,
CA,Pollock Pines,13-Jun-15,
CA,,,
CA,,15-Jun-15,
CA,,,
CA,,16-Jun-15,
CA,,,
CA,,27-Jun-15,
CA,,28-Jun-15,
CA,Pomona,None,
CA,,,
CA,Porterville,None,
CA,,,
CA,Reedley,None,
CA,,,
CA,Redding,13-Jun-15,"May 1, 2015 - June 30, 2015 Escalate to yellow light- one instructor available, only available on weekends"
CA,,,
CA,,15-Jun-15,
CA,,,
CA,,16-Jun-15,
CA,,,
CA,,27-Jun-15,
CA,,28-Jun-15,
CA,Ridgecrest,None,
CA,,,
CA,Sacramento,13-Jun-15,
CA,,,
CA,,15-Jun-15,
CA,,,
CA,,16-Jun-15,
CA,,,
CA,,27-Jun-15,
CA,,,
CA,,28-Jun-15,
CA,Salinas,11-Jun-15,
CA,,,
CA,,12-Jun-15,
CA,,,
CA,,13-Jun-15,
CA,,,
CA,,14-Jun-15,
CA,,,
CA,,15-Jun-15,
CA,,,
CA,,16-Jun-15,
CA,,,
CA,,"June 17,  2015",
CA,,,
CA,,18-Jun-15,
CA,,,
CA,,20-Jun-15,
CA,,,
CA,,23-Jun-15,
CA,,,
CA,,24-Jun-15,
CA,,,
CA,,25-Jun-15,
CA,,,
CA,,26-Jun-15,
CA,,,
CA,,27-Jun-15,
CA,,,
CA,,28-Jun-15,
CA,,,
CA,,11-Jul-15,
CA,Sanger,None,
CA,,,
CA,San Joaquin,None,
CA,,,
CA,San Benito,11-Jun-15,
CA,,,
CA,,13-Jun-15,
CA,,,
CA,,17-Jun-15,
CA,Santa Clara,None,
CA,,,
CA,Santa Cruz,11-Jun-15,
CA,,,
CA,,12-Jun-15,
CA,,,
CA,,13-Jun-15,
CA,,,
CA,,14-Jun-15,
CA,,,
CA,,15-Jun-15,
CA,,,
CA,,16-Jun-15,
CA,,,
CA,,"June 17,  2015",
CA,,,
CA,,18-Jun-15,
CA,,,
CA,,20-Jun-15,
CA,,,
CA,,23-Jun-15,
CA,,,
CA,,24-Jun-15,
CA,,,
CA,,25-Jun-15,
CA,,,
CA,,26-Jun-15,
CA,,,
CA,,27-Jun-15,
CA,,,
CA,,28-Jun-15,
CA,,,
CA,,11-Jul-15,
CA,San Juan Bautista,11-Jun-15,
CA,,,
CA,,13-Jun-15,
CA,,17-Jun-15,
CA,San Francisco,11-Jun-15,
CA,,,
CA,,12-Jun-15,
CA,,,
CA,,13-Jun-15,
CA,,,
CA,,14-Jun-15,
CA,,,
CA,,16-Jun-15,
CA,,,
CA,,"June 17,  2015",
CA,,,
CA,,20-Jun-15,
CA,,,
CA,,23-Jun-15,
CA,,,
CA,,24-Jun-15,
CA,,,
CA,,25-Jun-15,
CA,,,
CA,,26-Jun-15,
CA,,,
CA,,27-Jun-15,
CA,,,
CA,,28-Jun-15,
CA,,,
CA,,11-Jul-15,
CA,San Rafael,11-Jun-15,
CA,,,
CA,,12-Jun-15,
CA,,,
CA,,13-Jun-15,
CA,,,
CA,,14-Jun-15,
CA,,,
CA,,16-Jun-15,
CA,,,
CA,,"June 17,  2015",
CA,,,
CA,,20-Jun-15,
CA,,,
CA,,23-Jun-15,
CA,,,
CA,,24-Jun-15,
CA,,,
CA,,25-Jun-15,
CA,,,
CA,,26-Jun-15,
CA,,,
CA,,27-Jun-15,
CA,,,
CA,,28-Jun-15,
CA,,,
CA,,11-Jul-15,
CA,San Jose,11-Jun-15,
CA,,,
CA,,12-Jun-15,
CA,,,
CA,,13-Jun-15,
CA,,,
CA,,14-Jun-15,
CA,,,
CA,,16-Jun-15,
CA,,,
CA,,"June 17,  2015",
CA,,,
CA,,20-Jun-15,
CA,,,
CA,,23-Jun-15,
CA,,,
CA,,24-Jun-15,
CA,,,
CA,,25-Jun-15,
CA,,,
CA,,26-Jun-15,
CA,,,
CA,,27-Jun-15,
CA,,,
CA,,28-Jun-15,
CA,,,
CA,,11-Jul-15,
CA,Santa Rosa,13-Jun-15,
CA,,,
CA,,20-Jun-15,
CA,,,
CA,,24-Jun-15,
CA,,,
CA,,25-Jun-15,
CA,,,
CA,,26-Jun-15,
CA,,27-Jun-15,
CA,Seaside,11-Jun-15,
CA,,,
CA,,13-Jun-15,
CA,,17-Jun-15,
CA,Selma Arvin,None,
CA,,,
CA,Shafter,None,
CA,,,
CA,Simi Valley,None,
CA,,,
CA,Sonoma,None,
CA,,,
CA,Sonora,13-Jun-15,
CA,,,
CA,,15-Jun-15,
CA,,,
CA,,16-Jun-15,
CA,,,
CA,,27-Jun-15,
CA,,28-Jun-15,
CA,St. Helena,13-Jun-15,
CA,,,
CA,,20-Jun-15,
CA,,,
CA,,24-Jun-15,
CA,,,
CA,,25-Jun-15,
CA,,,
CA,,26-Jun-15,
CA,,,
CA,,27-Jun-15,
CA,,,
CA,,11-Jul-15,
CA,Stockton,13-Jun-15,
CA,,,
CA,,15-Jun-15,
CA,,,
CA,,16-Jun-15,
CA,,,
CA,,27-Jun-15,
CA,,28-Jun-15,
CA,Taft,None,
CA,,,
CA,Tehachapi,None,
CA,,,
CA,Thousand Oaks,None,
CA,,,
CA,Torrance,None,
CA,,,
CA,Tracy,None,
CA,,,
CA,Tulare,None,
CA,,,
CA,Union City,11-Jun-15,
CA,,,
CA,,12-Jun-15,
CA,,,
CA,,13-Jun-15,
CA,,,
CA,,14-Jun-15,
CA,,,
CA,,16-Jun-15,
CA,,,
CA,,"June 17,  2015",
CA,,,
CA,,20-Jun-15,
CA,,,
CA,,23-Jun-15,
CA,,,
CA,,24-Jun-15,
CA,,,
CA,,25-Jun-15,
CA,,,
CA,,26-Jun-15,
CA,,,
CA,,27-Jun-15,
CA,,,
CA,,28-Jun-15,
CA,,,
CA,,11-Jul-15,
CA,Visalia,None,
CA,,,
CA,Wasco,None,
CA,,,
CA,Watsonville,11-Jun-15,
CA,,,
CA,,13-Jun-15,
CA,,,
CA,,17-Jun-15,
CA,West Convina,None,
CA,,,
CA,Woodlake,None,
CA,,,
CA,Woodland,13-Jun-15,
CA,,,
CA,,15-Jun-15,
CA,,,
CA,,16-Jun-15,
CA,,,
CA,,27-Jun-15,
CA,,28-Jun-15,
CA,Yuba,13-Jun-15,
CA,,,
CA,,15-Jun-15,
CA,,,
CA,,16-Jun-15,
CA,,,
CA,,27-Jun-15,
CA,,28-Jun-15,
CT,Entire State,,"June 20- June 25, 2015"
CT,,,
CT,Greenwich,17-Jun-15,
CT,,,
CT,,18-Jun-15,
CT,,,
CT,,24-Jun-15,
CT,,,
CT,,25-Jun-15,
CT,,,
CT,,26-Jun-15,
CT,,,
CT,,2-Jul-15,
CT,,,
CT,,9-Jul-15,
CT,,,
CT,,16-Jul-15,
CT,,,
CT,,23-Jul-15,
CT,,,
CT,,30-Jul-15,
D.C.,,20-Jun-15,
D.C.,,27-Jun-15,
DE,Entire State,20-Jun-15,
DE,,27-Jun-15,
FL,Miami,13-Jun-15,These dates are YELLOW only if they need more than 1 instructor.
FL,,,
FL,,14-Jun-15,June 7-11 2015
FL,,,
FL,,20-Jun-15,
FL,,,
FL,,26-Jun-15,
FL,,,
FL,,27-Jun-15,
FL,Broward,13-Jun-15,
FL,,,
FL,,14-Jun-15,
FL,,,
FL,,20-Jun-15,
FL,,,
FL,,26-Jun-15,
FL,,27-Jun-15,
FL,Florida Keys,13-Jun-15,
FL,,,
FL,Pensacola,13-Jun-15,
FL,,,
FL,Panama City,13-Jun-15,
FL,,,
FL,Orlando,13-Jun-15,
FL,,,
FL,,14-Jun-15,
FL,,,
FL,,15-Jun-15,
FL,,,
FL,,20-Jun-15,
FL,,,
FL,,22-Jun-15,
FL,,,
FL,,23-Jun-15,
FL,,,
FL,,24-Jun-15,
FL,,,
FL,,25-Jun-15,
FL,,,
FL,,26-Jun-15,
FL,,,
FL,,27-Jun-15,
FL,,,
FL,,29-Jun-15,
FL,,,
FL,,30-Jun-15,
FL,,,
FL,,2-Jul-15,
FL,Osceola,None,
FL,,,
FL,Seminole,None,
FL,,,
FL,Belleair,None,
FL,,,
FL,Clearwater,None,
FL,,,
FL,Largo,None,
FL,,,
FL,Redington,None,
FL,,,
FL,St. Petersburg,None,
FL,,,
FL,Pasadena,None,
FL,,,
FL,Tampa,13-Jun-15,These dates are YELLOW only if they need more than 1 instructor.
FL,,,
FL,,17-Jun-15,"June 7-13, 2015"
FL,,,
FL,,20-Jun-15,
FL,,,
FL,,24-Jun-15,
FL,,,
FL,,25-Jun-15,
FL,,,
FL,,26-Jun-15,
FL,,,
FL,,27-Jun-15,
FL,,,
FL,,29-Jun-15,
FL,Sarasota,None,
FL,,,
FL,Bradenton,None,
FL,,,
FL,Punta Gorda,None,
FL,,,
FL,Fort Meyers,None,
FL,,,
FL,Cape Coral,None,
FL,,,
FL,Bonita Springs,None,
FL,,,
FL,Sanibel,None,
FL,,,
FL,Naples,None,
FL,,,
FL,Marco Island,None,
FL,,,
FL,Everglades,None,
FL,,,
FL,West Palm,14-Jun-15,These dates are YELLOW only if they need more than 1 instructor.
FL,,,
FL,,19-Jun-15,June 6-8 2015
FL,,,
FL,,20-Jun-15,June 10-13 2015
FL,,,
FL,,27-Jun-15,
FL,Jacksonville,26-Jun-15,"June 1, 2015-June 14, 2015 These dates are YELLOW only if they need more than 1 instructor."
FL,,,
FL,Tallahassee,None,"June 1, 2015-June 14, 2015 These dates are YELLOW only if they need more than 1 instructor."
FL,,,
FL,,,"June 11-25, 2015- Limited instructor availability during the week"
GA,Entire State,"June 13, 2015- 1 instructor available in Columbus","May 21, 2015 (only one instructor available in Savannah)"
GA,,,
GA,,"June 20, 2015- 1 instructor available in Americus",
GA,,,
GA,,"June 27, 2015- 1 instructor available in Savannah",
GA,,,
GA,,"July 4, 2015-Holiday",
GA,,,
GA,,"July 11, 2015- 1 instructor available in Savanah",
GA,,,
GA,,"July 18, 2015- 3 instructor available in Atlanta",
GA,,,
GA,,"July 25, 2015- 3 instructors available in Atlanta",
HI,Kauai,,All future dates until further notice
HI,,,
IA,Entire State,None,
IA,,,
IL,Indianapolis,None,
IL,,,
IL,Chicago,None,
IL,,,
IN,Entire State,14-Jul-15,
IN,,,
IN,Indianapolis,None,
IN,,,
IN,Liberty,,"June 4- Aug 31, 2015"
IN,,,
KY,Brooksville,,"June 4- Aug 31, 2015"
KY,,,
KY,Alexandria,,"June 4- Aug 31, 2015"
KY,,,
KY,Warsaw,,"June 4- Aug 31, 2015"
KY,,,
KY,Williamstown,,"June 4- Aug 31, 2015"
KY,,,
KY,Covington,,"June 4- Aug 31, 2015"
KY,,,
KY,Maysville,,"June 4- Aug 31, 2015"
KY,,,
KY,Owenton,,"June 4- Aug 31, 2015"
KY,,,
KY,Falmouth,,"June 4- Aug 31, 2015"
KY,,,
KY,Mount Olivet,,"June 4- Aug 31, 2015"
KY,,,
KY,Richmond,,"June 4- Aug 31, 2015"
KY,,,
LA,Baton Rouge,None,
LA,,,
LA,Monroe,None,
LA,,,
LA,New Orleans,None,
LA,,,
MA,Entire State,None,18-Jun-15
MA,,,
MA,,12-Jun-15,25-Jun-15
MA,,,
MA,,13-Jun-15,26-Jun-15
MA,,,
MA,,18-Jun-15,
MA,,,
MA,,19-Jun-15,
MA,,,
MA,,20-Jun-15,
MA,Cambridge,27-Jun-15,
MA,,,
MA,New Bedford,27-Jun-15,
MA,,,
MA,Boston,27-Jun-15,
MA,,,
MA,Newton,27-Jun-15,
MA,,,
MA,Lexington,27-Jun-15,
MA,,,
MA,Westford,27-Jun-15,
MA,,,
MA,Marblehead,27-Jun-15,
MA,,,
MA,Rockport,27-Jun-15,
MA,,,
MA,Lowell,16-Jun-15,
MA,,,
MA,Brockton,16-Jun-15,
MA,,,
MA,Quincy,16-Jun-15,
MA,,,
MA,Lynn,16-Jun-15,
MA,,,
MA,Fall River,16-Jun-15,
MA,,,
MA,Lawrence,16-Jun-15,
MA,,,
MA,Somerville,16-Jun-15,
MA,,,
MA,Framington,16-Jun-15,
MA,,,
MA,Haverhill,16-Jun-15,
MA,,,
MA,Waltham,16-Jun-15,
MA,,,
MA,Malden,16-Jun-15,
MA,,,
MA,Brookline,16-Jun-15,
MA,,,
MA,Plymouth,16-Jun-15,
MA,,,
MA,Medford,16-Jun-15,
MA,,,
MA,Taunton,16-Jun-15,
MA,,,
MA,Weymouth,16-Jun-15,
MA,,,
MA,Revere,16-Jun-15,
MA,,,
MA,Peabody,16-Jun-15,
MA,,,
MA,Methuen,16-Jun-15,
MA,,,
MA,Barnstable,16-Jun-15,
MA,,,
MA,Attleboro,16-Jun-15,
MA,,,
MA,Arlington,16-Jun-15,
MA,,,
MA,Everett,16-Jun-15,
MA,,,
MA,Salem,16-Jun-15,
MA,,,
MA,Billerica,16-Jun-15,
MA,,,
MA,Worchester,16-Jun-15,
MA,,,
MA,Chicopee,16-Jun-15,
MA,,,
MA,Pittsfield,16-Jun-15,
MA,,,
MA,Westfield,16-Jun-15,
MA,,,
MA,Leominster,16-Jun-15,
MA,,,
MA,Fitchburg,16-Jun-15,
MA,,,
MD,Entire State,20-Jun-15,
MD,,,
MD,,27-Jun-15,
ME,,None,
ME,,,
MI,Entire State,None,
MI,,,
MI,Detroit,18-Jun-15,
MI,,,
MI,,19-Jun-15,
MI,,,
MI,,20-Jun-15,
MI,,,
MI,,26-Jun-15,
MI,Bloomfield,18-Jun-15,
MI,,,
MI,,19-Jun-15,
MI,,,
MI,,20-Jun-15,
MI,,,
MI,,26-Jun-15,
MI,West Bloomfield,18-Jun-15,
MI,,,
MI,,19-Jun-15,
MI,,,
MI,,20-Jun-15,
MI,,,
MI,,26-Jun-15,
MI,Ann Arbor,18-Jun-15,
MI,,,
MI,,19-Jun-15,
MI,,,
MI,,20-Jun-15,
MI,,,
MI,,26-Jun-15,
MI,Troy,18-Jun-15,
MI,,,
MI,,19-Jun-15,
MI,,,
MI,,20-Jun-15,
MI,,,
MI,,26-Jun-15,
MI,Madison Heights,18-Jun-15,
MI,,,
MI,,19-Jun-15,
MI,,,
MI,,20-Jun-15,
MI,,,
MI,,26-Jun-15,
MI,Port Huron,18-Jun-15,
MI,,,
MI,,19-Jun-15,
MI,,,
MI,,20-Jun-15,
MI,,,
MI,,26-Jun-15,
MI,Adrian,18-Jun-15,
MI,,,
MI,,19-Jun-15,
MI,,,
MI,,20-Jun-15,
MI,,,
MI,,26-Jun-15,
MI,Chelsea,18-Jun-15,
MI,,,
MI,,19-Jun-15,
MI,,,
MI,,20-Jun-15,
MI,,,
MI,,26-Jun-15,
MI,Livonia,18-Jun-15,
MI,,,
MI,,19-Jun-15,
MI,,,
MI,,20-Jun-15,
MI,,,
MI,,26-Jun-15,
MI,Redford,18-Jun-15,
MI,,,
MI,,19-Jun-15,
MI,,,
MI,,20-Jun-15,
MI,,,
MI,,26-Jun-15,
MI,Royal Oak,18-Jun-15,
MI,,,
MI,,19-Jun-15,
MI,,,
MI,,20-Jun-15,
MI,,,
MI,,26-Jun-15,
MI,Berkley,18-Jun-15,
MI,,,
MI,,19-Jun-15,
MI,,,
MI,,20-Jun-15,
MI,,,
MI,,26-Jun-15,
MI,Hazel Park,18-Jun-15,
MI,,,
MI,,19-Jun-15,
MI,,,
MI,,20-Jun-15,
MI,,,
MI,,26-Jun-15,
MI,Ferndale,18-Jun-15,
MI,,,
MI,,19-Jun-15,
MI,,,
MI,,20-Jun-15,
MI,,,
MI,,26-Jun-15,
MI,Southfield,18-Jun-15,
MI,,,
MI,,19-Jun-15,
MI,,,
MI,,20-Jun-15,
MI,,,
MI,,26-Jun-15,
MI,Southgate,18-Jun-15,
MI,,,
MI,,19-Jun-15,
MI,,,
MI,,20-Jun-15,
MI,,,
MI,,26-Jun-15,
MI,Taylor,18-Jun-15,
MI,,,
MI,,19-Jun-15,
MI,,,
MI,,20-Jun-15,
MI,,,
MI,,26-Jun-15,
MI,Trenton,10-Jun-15,
MI,,,
MI,,13-Jun-15,
MI,,,
MI,,18-Jun-15,
MI,,,
MI,,19-Jun-15,
MI,,,
MI,,20-Jun-15,
MI,,,
MI,,22-Jun-15,
MI,,,
MI,,23-Jun-15,
MI,,,
MI,,25-Jun-15,
MI,,,
MI,,26-Jun-15,
MI,,,
MI,,27-Jun-15,
MI,Farmington,18-Jun-15,
MI,,,
MI,,19-Jun-15,
MI,,,
MI,,20-Jun-15,
MI,,,
MI,,23-Jun-15,
MI,,,
MI,,26-Jun-15,
MI,Warren,18-Jun-15,
MI,,,
MI,,19-Jun-15,
MI,,,
MI,,20-Jun-15,
MI,,,
MI,,26-Jun-15,
MI,Wyandotte,18-Jun-15,
MI,,,
MI,,19-Jun-15,
MI,,,
MI,,20-Jun-15,
MI,,,
MI,,26-Jun-15,
MI,Romulus,18-Jun-15,
MI,,,
MI,,19-Jun-15,
MI,,,
MI,,20-Jun-15,
MI,,,
MI,,26-Jun-15,
MI,Canton,18-Jun-15,
MI,,,
MI,,19-Jun-15,
MI,,,
MI,,20-Jun-15,
MI,,,
MI,,26-Jun-15,
MI,Pontiac,18-Jun-15,
MI,,,
MI,,19-Jun-15,
MI,,,
MI,,20-Jun-15,
MI,,,
MI,,26-Jun-15,
MI,Richmond,18-Jun-15,
MI,,,
MI,,19-Jun-15,
MI,,,
MI,,20-Jun-15,
MI,,,
MI,,26-Jun-15,
MI,Chesterfield,18-Jun-15,
MI,,,
MI,,19-Jun-15,
MI,,,
MI,,20-Jun-15,
MI,,,
MI,,26-Jun-15,
MI,Saline,18-Jun-15,
MI,,,
MI,,19-Jun-15,
MI,,,
MI,,20-Jun-15,
MI,,,
MI,,26-Jun-15,
MI,Milan,18-Jun-15,
MI,,,
MI,,19-Jun-15,
MI,,,
MI,,20-Jun-15,
MI,,,
MI,,26-Jun-15,
MI,New Baltimore,18-Jun-15,
MI,,,
MI,,19-Jun-15,
MI,,,
MI,,20-Jun-15,
MI,,,
MI,,26-Jun-15,
MI,Utica,18-Jun-15,
MI,,,
MI,,19-Jun-15,
MI,,,
MI,,20-Jun-15,
MI,,,
MI,,26-Jun-15,
MI,New Haven,18-Jun-15,
MI,,,
MI,,19-Jun-15,
MI,,,
MI,,20-Jun-15,
MI,,,
MI,,26-Jun-15,
MI,Auburn Hills,18-Jun-15,
MI,,,
MI,,19-Jun-15,
MI,,,
MI,,20-Jun-15,
MI,,,
MI,,26-Jun-15,
MI,Rochester,18-Jun-15,
MI,,,
MI,,19-Jun-15,
MI,,,
MI,,20-Jun-15,
MI,,,
MI,,26-Jun-15,
MI,Rochester Hills,18-Jun-15,
MI,,,
MI,,19-Jun-15,
MI,,,
MI,,20-Jun-15,
MI,,,
MI,,26-Jun-15,
MI,Dundee,18-Jun-15,
MI,,,
MI,,19-Jun-15,
MI,,,
MI,,20-Jun-15,
MI,,,
MI,,26-Jun-15,
MI,Flat Rock,4-Jun-15,
MI,,,
MI,,5-Jun-15,
MI,Clarkston,18-Jun-15,
MI,,,
MI,,19-Jun-15,
MI,,,
MI,,20-Jun-15,
MI,,,
MI,,26-Jun-15,
MI,Waterford,18-Jun-15,
MI,,,
MI,,19-Jun-15,
MI,,,
MI,,20-Jun-15,
MI,,,
MI,,26-Jun-15,
MI,Novi,18-Jun-15,
MI,,,
MI,,19-Jun-15,
MI,,,
MI,,20-Jun-15,
MI,,,
MI,,26-Jun-15,
MI,Birmingham,18-Jun-15,
MI,,,
MI,,19-Jun-15,
MI,,,
MI,,20-Jun-15,
MI,,,
MI,,26-Jun-15,
MI,Dearborn,18-Jun-15,
MI,,,
MI,,19-Jun-15,
MI,,,
MI,,20-Jun-15,
MI,,,
MI,,26-Jun-15,
MI,Brownstown,18-Jun-15,
MI,,,
MI,,19-Jun-15,
MI,,,
MI,,20-Jun-15,
MI,,,
MI,,26-Jun-15,
MI,Westland,18-Jun-15,
MI,,,
MI,,19-Jun-15,
MI,,,
MI,,20-Jun-15,
MI,,,
MI,,26-Jun-15,
MI,Grosse Pointe,18-Jun-15,
MI,,,
MI,,19-Jun-15,
MI,,,
MI,,20-Jun-15,
MI,,,
MI,,26-Jun-15,
MI,Allen Park,18-Jun-15,
MI,,,
MI,,19-Jun-15,
MI,,,
MI,,20-Jun-15,
MI,,,
MI,,26-Jun-15,
MI,Belleville,18-Jun-15,
MI,,,
MI,,19-Jun-15,
MI,,,
MI,,20-Jun-15,
MI,,,
MI,,26-Jun-15,
MI,Garden City,18-Jun-15,
MI,,,
MI,,19-Jun-15,
MI,,,
MI,,20-Jun-15,
MI,,,
MI,,26-Jun-15,
MI,Westland,18-Jun-15,
MI,,,
MI,,19-Jun-15,
MI,,,
MI,,20-Jun-15,
MI,,,
MI,,26-Jun-15,
MI,Hamtramck,18-Jun-15,
MI,,,
MI,,19-Jun-15,
MI,,,
MI,,20-Jun-15,
MI,,,
MI,,26-Jun-15,
MI,Plymouth,18-Jun-15,
MI,,,
MI,,19-Jun-15,
MI,,,
MI,,20-Jun-15,
MI,,,
MI,,26-Jun-15,
MI,Carleton,18-Jun-15,
MI,,,
MI,,19-Jun-15,
MI,,,
MI,,20-Jun-15,
MI,,,
MI,,26-Jun-15,
MI,Kalamazoo,18-Jun-15,
MI,,,
MI,Grand Rapids,18-Jun-15,
MI,,,
MI,Lansing,18-Jun-15,
MI,,,
MI,Flint,18-Jun-15,
MI,,,
MI,Harrisville,,"June 4- Aug 31, 2015"
MI,,,
MI,Munising,,"June 4- Aug 31, 2015"
MI,,,
MI,Plainwell,,"June 4- Aug 31, 2015"
MI,,,
MI,Alpena,,"June 4- Aug 31, 2015"
MI,,,
MI,Bellaire,,"June 4- Aug 31, 2015"
MI,,,
MI,Standish,,"June 4- Aug 31, 2015"
MI,,,
MI,Baraga,,"June 4- Aug 31, 2015"
MI,,,
MI,Hastings,,"June 4- Aug 31, 2015"
MI,,,
MI,Bay City,,"June 4- Aug 31, 2015"
MI,,,
MI,Benzonia,,"June 4- Aug 31, 2015"
MI,,,
MI,St. Joseph,,"June 4- Aug 31, 2015"
MI,,,
MI,Niles,,"June 4- Aug 31, 2015"
MI,,,
MI,Benton Harbor,,"June 4- Aug 31, 2015"
MI,,,
MI,Berrien Springs,,"June 4- Aug 31, 2015"
MI,,,
MI,Coldwater,,"June 4- Aug 31, 2015"
MI,,,
MI,Battle Creek,,"June 4- Aug 31, 2015"
MI,,,
MI,Dowagiac,,"June 4- Aug 31, 2015"
MI,,,
MI,Boyne City,,"June 4- Aug 31, 2015"
MI,,,
MI,Harlevoix,,"June 4- Aug 31, 2015"
MI,,,
MI,Mackinaw City,,"June 4- Aug 31, 2015"
MI,,,
MI,Sault Saint Marie,,"June 4- Aug 31, 2015"
MI,,,
MI,Clare,,"June 4- Aug 31, 2015"
MI,,,
MI,Dewitt,,"June 4- Aug 31, 2015"
MI,,,
MI,Grayling,,"June 4- Aug 31, 2015"
MI,,,
MI,Escanaba,,"June 4- Aug 31, 2015"
MI,,,
MI,Harbor Springs,,"June 4- Aug 31, 2015"
MI,,,
MI,Petoskey,,"June 4- Aug 31, 2015"
MI,,,
MI,Gladwin,,"June 4- Aug 31, 2015"
MI,,,
MI,Ironwood,,"June 4- Aug 31, 2015"
MI,,,
MI,Bessemer,,"June 4- Aug 31, 2015"
MI,,,
MI,Traverse City,,"June 4- Aug 31, 2015"
MI,,,
MI,Alma,,"June 4- Aug 31, 2015"
MI,,,
MI,Hillsdale,,"June 4- Aug 31, 2015"
MI,,,
MI,Houghton,,"June 4- Aug 31, 2015"
MI,,,
MI,Hancock,,"June 4- Aug 31, 2015"
MI,,,
MI,Bad Axe,,"June 4- Aug 31, 2015"
MI,,,
MI,Ionia,,"June 4- Aug 31, 2015"
MI,,,
MI,Cawas City,,"June 4- Aug 31, 2015"
MI,,,
MI,Iron River,,"June 4- Aug 31, 2015"
MI,,,
MI,Mt. Pleasant,,"June 4- Aug 31, 2015"
MI,,,
MI,Jackson,,"June 4- Aug 31, 2015"
MI,,,
MI,Kalkaska,,"June 4- Aug 31, 2015"
MI,,,
MI,Copper Harbor,,"June 4- Aug 31, 2015"
MI,,,
MI,Baldwin,,"June 4- Aug 31, 2015"
MI,,,
MI,Lapeer,,"June 4- Aug 31, 2015"
MI,,,
MI,Leland,,"June 4- Aug 31, 2015"
MI,,,
MI,Howell,,"June 4- Aug 31, 2015"
MI,,,
MI,Newberry,,"June 4- Aug 31, 2015"
MI,,,
MI,Mackinaw,,"June 4- Aug 31, 2015"
MI,,,
MI,Manistee,,"June 4- Aug 31, 2015"
MI,,,
MI,Marquette,,"June 4- Aug 31, 2015"
MI,,,
MI,,,
MI,Ludington,,"June 4- Aug 31, 2015"
MI,,,
MI,,,
MI,Big Rapids,,"June 4- Aug 31, 2015"
MI,,,
MI,Midland,,"June 4- Aug 31, 2015"
MI,,,
MI,Lake City,,"June 4- Aug 31, 2015"
MI,,,
MI,Greenville,,"June 4- Aug 31, 2015"
MI,,,
MI,Hillman,,"June 4- Aug 31, 2015"
MI,,,
MI,Muskegon,,"June 4- Aug 31, 2015"
MI,,,
MI,White Cloud,,"June 4- Aug 31, 2015"
MI,,,
MI,Shelby,,"June 4- Aug 31, 2015"
MI,,,
MI,West Branch,,"June 4- Aug 31, 2015"
MI,,,
MI,Ontonagon,,"June 4- Aug 31, 2015"
MI,,,
MI,Reed City,,"June 4- Aug 31, 2015"
MI,,,
MI,Fairview,,"June 4- Aug 31, 2015"
MI,,,
MI,Gaylord,,"June 4- Aug 31, 2015"
MI,,,
MI,Holland,,"June 4- Aug 31, 2015"
MI,,,
MI,Presque Isle,,"June 4- Aug 31, 2015"
MI,,,
MI,Houghton Lake,,"June 4- Aug 31, 2015"
MI,,,
MI,Saginaw,,"June 4- Aug 31, 2015"
MI,,,
MI,Three Rivers,,"June 4- Aug 31, 2015"
MI,,,
MI,Marlette,,"June 4- Aug 31, 2015"
MI,,,
MI,Manistique,,"June 4- Aug 31, 2015"
MI,,,
MI,Owosso,,"June 4- Aug 31, 2015"
MI,,,
MI,Caro,,"June 4- Aug 31, 2015"
MI,,,
MI,Hartford,,"June 4- Aug 31, 2015"
MI,,,
MI,Cadillac,,"June 4- Aug 31, 2015"
MI,,,
MN,Entire State,,18-Jun-15
MN,,,
MO,St. Louis,None,
MO,,,
NC,,"June 13, 2015 (Entire State except Charlotte, Statesville, Concord, Hickory, Gastonia and Monroe )",
NC,,,
ND,Fargo,,Anything within an hour radius of Fargo does not need approval.  All other areas of North Dakota need pre--approval.  
ND,,,
NE,Entire State,None,
NE,,,
,,None,
NH,,,
NH,Entire State,None,
,,,
NJ,Cherry Hill,None,
NJ,,,
NJ,Camden,12-Jun-15,11-Jun-15
NJ,,,
NJ,,15-Jun-15,13-Jun-15
NJ,,,
NJ,,18-Jun-15,14-Jun-15
NJ,,,
NJ,,20-Jun-15,16-Jun-15
NJ,,,
NJ,,22-Jun-15,17-Jun-15
NJ,,,
NJ,,23-Jun-15,24-Jun-15
NJ,,,
NJ,,24-Jun-15,25-Jun-15
NJ,,,
NJ,,,26-Jun-15
NJ,,,
NJ,,,27-Jun-15
NJ,,,
NJ,,,28-Jun-15
NJ,,,
NJ,,,29-Jun-15
NJ,,,
NJ,,,30-Jun-15
NJ,,,
NJ,,,
NJ,,,Available Dates
NJ,,,
NJ,,,"June 27, 2015 1 instructor available"
NJ,,,
NJ,,,"June 28, 2015 1 instructor available"
NJ,,,
NJ,,,"June 29, 2015 1 instructor available"
NJ,,,
NJ,,,"June 30, 2015 2 instructors available"
NJ,Woodbury,None,
NJ,,,
NJ,Evesham Township,None,
NJ,,,
NJ,Washington,None,
NJ,,,
NJ,Glassboro,None,
NJ,,,
NJ,Winslow,None,
NJ,,,
NJ,Monroe,None,
NJ,,,
NJ,Hammonton,None,
NJ,,,
NJ,Bass River,None,
NJ,,,
NJ,Salem,None,
NJ,,,
NJ,Pittsgrove,None,
NJ,,,
NJ,Buena,None,
NJ,,,
NJ,Buena Vista,None,
NJ,,,
NJ,Hamilton,None,
NJ,,,
NJ,Gallloway,None,
NJ,,,
NJ,Egg Harbor Township,12-Jun-15,11-Jun-15
NJ,,,
NJ,,15-Jun-15,13-Jun-15
NJ,,,
NJ,,18-Jun-15,15-Jun-15
NJ,,,
NJ,,20-Jun-15,16-Jun-15
NJ,,,
NJ,,22-Jun-15,17-Jun-15
NJ,,,
NJ,,23-Jun-15,25-Jun-15
NJ,,,
NJ,,24-Jun-15,26-Jun-15
NJ,,,
NJ,,,27-Jun-15
NJ,,,
NJ,,,28-Jun-15
NJ,,,
NJ,,,29-Jun-15
NJ,,,
NJ,,,30-Jun-15
NJ,Absecon,None,
NJ,,,
NJ,Little Egg Harbor,None,
NJ,,,
NJ,Atlantic City,12-Jun-15,11-Jun-15
NJ,,,
NJ,,15-Jun-15,13-Jun-15
NJ,,,
NJ,,18-Jun-15,16-Jun-15
NJ,,,
NJ,,20-Jun-15,17-Jun-15
NJ,,,25-Jun-15
NJ,,22-Jun-15,
NJ,,,26-Jun-15
NJ,,23-Jun-15,
NJ,,,27-Jun-15
NJ,,24-Jun-15,
NJ,,,28-Jun-15
NJ,,,
NJ,,,29-Jun-15
NJ,,,
NJ,,,30-Jun-15
NJ,Linwood,None,
NJ,,,
NJ,Hopewell,None,
NJ,,,
NJ,Deerfield,None,
NJ,,,
NJ,Upper Deerfield,None,
NJ,,,
NJ,Bridgeton,None,
NJ,,,
NJ,Lawrence,None,
NJ,,,
NJ,Commercial,None,
NJ,,,
NJ,Fairfield,25-Jun-15,
NJ,,,
NJ,Montclair,25-Jun-15,
NJ,,,
NJ,Summit,25-Jun-15,
NJ,,,
NJ,Union,25-Jun-15,
NJ,,,
NJ,Jersey City,25-Jun-15,
NJ,,,
NJ,Hoboken,25-Jun-15,
NJ,,,
NJ,Weehawken,25-Jun-15,
NJ,,,
NJ,Maurice River,None,
NJ,,,
NJ,Downe,None,
NJ,,,
NJ,Sea Isle City,None,
NJ,,,
NJ,Avalon,None,
NJ,,,
NJ,West Wildwood,None,
NJ,,,
NJ,Dennis,None,
NJ,,,
NJ,Woodbine,None,
NJ,,,
NJ,Stone Harbor,None,
NJ,,,
NJ,Cape May,12-Jun-15,11-Jun-15
NJ,,,
NJ,,15-Jun-15,13-Jun-15
NJ,,,
NJ,,18-Jun-15,16-Jun-15
NJ,,,
NJ,,20-Jun-15,17-Jun-15
NJ,,,
NJ,,22-Jun-15,25-Jun-15
NJ,,,
NJ,,23-Jun-15,26-Jun-15
NJ,,,
NJ,,24-Jun-15,27-Jun-15
NJ,,,
NJ,,,28-Jun-15
NJ,,,
NJ,,,29-Jun-15
NJ,,,
NJ,,,30-Jun-15
NJ,New Brunswick,13-Jun-15,
NJ,,,
NJ,,20-Jun-15,
NJ,,,
NJ,,23-Jun-15,
NJ,,,
NJ,,25-Jun-15,
NJ,,,
NJ,,26-Jun-15,
NJ,,,
NJ,,27-Jun-15,
NJ,Brigantine,None,
NJ,,,
NJ,Ventnor City,None,
NJ,,,
NJ,Claymont,None,
NJ,,,
NJ,Somerville,17-Jun-15,11-Jun-15
NJ,,,
NJ,,19-Jun-15,14-Jun-15
NJ,,,
NJ,,20-Jun-15,15-Jun-15
NJ,Millville,None,
NJ,,,
NJ,Trenton,11-Jun-15,
NJ,,,
NJ,,20-Jun-15,
NJ,,,
NJ,,26-Jun-15,
NJ,,,
NJ,,27-Jun-15,
NJ,Princeton,11-Jun-15,18-Jun-15
NJ,,,
NJ,,19-Jun-15,22-Jun-15
NJ,,,
NJ,,20-Jun-15,
NJ,,,Available Dates
NJ,,22-Jun-15,
NJ,,,"June 28, 2015 1 available instructor"
NJ,,26-Jun-15,
NJ,,,
NJ,,27-Jun-15,
NJ,Somerset,None,
NJ,,,
NJ,Piscataway,13-Jun-15,Available Dates
NJ,,,"June 28, 2015 1 available instructor"
NJ,,23-Jun-15,
NJ,,,
NJ,,25-Jun-15,
NJ,Pleasantville,12-Jun-15,11-Jun-15
NJ,,,
NJ,,15-Jun-15,16-Jun-15
NJ,,,
NJ,,18-Jun-15,25-Jun-15
NJ,,,
NJ,,20-Jun-15,26-Jun-15
NJ,,,
NJ,,22-Jun-15,28-Jun-15
NJ,,,
NJ,,23-Jun-15,29-Jun-15
NJ,,,
NJ,,24-Jun-15,30-Jun-15
NJ,Ocean/Tinton Falls Area,13-Jun-15,11-Jun-15
NJ,,,
NJ,,17-Jun-15,12-Jun-15
NJ,,,
NJ,,18-Jun-15,14-Jun-15
NJ,,,
NJ,,19-Jun-15,16-Jun-15
NJ,,,
NJ,,20-Jun-15,24-Jun-15
NJ,,,
NJ,,22-Jun-15,28-Jun-15
NJ,,,
NJ,,23-Jun-15,29-Jun-15
NJ,,,
NJ,,25-Jun-15,30-Jun-15
NJ,,,
NJ,,26-Jun-15,
NJ,,,Available Dates
NJ,,27-Jun-15,
NJ,,,"June 29, 2015 2 instructor available"
NJ,,,
NJ,,,"June 30, 2015 1 instructors available"
NJ,,,
NJ,,,
NJ,,,Available Dates (Tinton Falls)
NJ,,,"June 28, 2015 1 available instructor"
NJ,Somerville,13-Jun-15,11-Jun-15
NJ,,,
NJ,,19-Jun-15,12-Jun-15
NJ,,,
NJ,,26-Jun-15,28-Jun-15
NJ,,,
NJ,,27-Jun-15,30-Jun-15
NJ,,,
NJ,,,
NJ,,,Available Dates
NJ,,,"June 28, 2015 1 available instructor"
NJ,Toms River,,29-Jun-15
NJ,,,
NJ,Flemington,11-Jun-15,
NJ,,,
NJ,,13-Jun-15,
NJ,,,
NJ,,18-Jun-15,
NJ,,,
NJ,,20-Jun-15,
NJ,,,
NJ,,25-Jun-15,
NJ,,,
NJ,,26-Jun-15,
NJ,,,
NJ,,27-Jun-15,
NJ,Edison,13-Jun-15,
NJ,,,
NJ,,20-Jun-15,
NJ,,,
NJ,,23-Jun-15,
NJ,,,
NJ,,25-Jun-15,
NJ,,,
NJ,,26-Jun-15,
NJ,,,
NJ,,27-Jun-15,
NJ,Middlesex,13-Jun-15,
NJ,,,
NJ,,20-Jun-15,
NJ,,,
NJ,,23-Jun-15,
NJ,,,
NJ,,25-Jun-15,
NJ,,,
NJ,,26-Jun-15,
NJ,,,
NJ,,27-Jun-15,
NJ,Pennsauken,12-Jun-15,11-Jun-15
NJ,,,
NJ,,13-Jun-15,14-Jun-15
NJ,,,
NJ,,15-Jun-15,15-Jun-15
NJ,,,
NJ,,18-Jun-15,16-Jun-15
NJ,,,
NJ,,20-Jun-15,17-Jun-15
NJ,,,
NJ,,22-Jun-15,25-Jun-15
NJ,,,
NJ,,23-Jun-15,26-Jun-15
NJ,,,
NJ,,24-Jun-15,27-Jun-15
NJ,,,
NJ,,,28-Jun-15
NJ,,,
NJ,,,29-Jun-15
NJ,,,
NJ,,,30-Jun-15
NJ,,,
NJ,,,
NJ,,,Available Dates
NJ,,,
NJ,,,"June 27, 2015 1 instructor available"
NJ,,,
NJ,,,"June 28, 2015 1 instructor available"
NJ,,,
NJ,,,"June 29, 2015 1 instructor available"
NJ,,,
NJ,,,"June 30, 2015 2 instructors available"
NJ,Mount Laurel,12-Jun-15,11-Jun-15
NJ,,,
NJ,,15-Jun-15,16-Jun-15
NJ,,,
NJ,,18-Jun-15,25-Jun-15
NJ,,,
NJ,,20-Jun-15,26-Jun-15
NJ,,,
NJ,,22-Jun-15,28-Jun-15
NJ,,,
NJ,,23-Jun-15,29-Jun-15
NJ,,,
NJ,,24-Jun-15,30-Jun-15
NJ,,,
NJ,,,
NJ,,,Available Dates
NJ,,,
NJ,,,"June 27, 2015 1 instructor available"
NJ,,,
NJ,,,"June 28, 2015 1 instructor available"
NJ,,,
NJ,,,"June 29, 2015 1 instructor available"
NJ,,,
NJ,,,"June 30, 2015 2 instructors available"
NV,Entire State,,All cities are yellow except Las Vegas until the end of June.
NV,,,
NV,Reno,,29-May-15
NV,,,
NV,Las Vegas,None,
NV,,,
OH,Entire State,20-Jun-15,
OH,,,
OH,,27-Jun-15,
OH,,,
OH,,11-Jul-15,
OH,,,
OH,,17-Jul-15,
OH,,,
OH,,25-Jul-15,
OH,Cleveland,11-Jun-15,
OH,,,
OH,,13-Jun-15,
OH,,,
OH,,17-Jul-15,
OH,Columbus,15-Jun-15,
OH,,,
OH,,16-Jun-15,
OH,,,
OH,,17-Jul-15,
OH,,,
OH,,19-Jun-15,
OH,,,
OH,,13-Jun-15,
OH,,,
OH,,20-Jun-15,
OH,,,
OH,,29-Jun-15,
OH,Cincinnati,13-Jun-15,
OH,,,
OH,,17-Jul-15,
OH,,,
OH,,20-Jun-15,
OH,Athens,13-Jun-15,
OH,,,
OH,,19-Jun-15,
OH,,,
OH,,20-Jun-15,
OH,Dayton,17-Jul-15,
OH,,,
OH,,19-Jun-15,
OH,,,
OH,,20-Jun-15,
OH,,,
OH,,23-Jun-15,
OH,,,
OH,,26-Jun-15,
OH,Toledo,13-Jun-15,
OH,,,
OH,,17-Jul-15,
OH,Tiffin,None,
OH,,,
OH,Findlay,None,
OH,,,
OH,Akron,11-Jun-15,
OH,,,
OH,,13-Jun-15,
OH,,,
OH,,17-Jul-15,
OH,Youngstown,None,
OH,,,
OH,Lorain,None,
OH,,,
OH,Lima,13-Jun-15,
OH,,,
OH,Canton,13-Jun-15,
OH,,,
OH,Boardman,None,
OH,,,
OH,Medina,None,
OH,,,
OH,West Union,,"June 4- Aug 31, 2015"
OH,,,
OH,Ashland,,"June 4- Aug 31, 2015"
OH,,,
OH,Jefferson,,"June 4- Aug 31, 2015"
OH,,,
OH,Athens,,"June 4- Aug 31, 2015"
OH,,,
OH,Wapakoneta,,"June 4- Aug 31, 2015"
OH,,,
OH,Clermont,,"June 4- Aug 31, 2015"
OH,,,
OH,Carollton,,"June 4- Aug 31, 2015"
OH,,,
OH,Urbana,,"June 4- Aug 31, 2015"
OH,,,
OH,Springfield,,"June 4- Aug 31, 2015"
OH,,,
OH,Lisbon,,"June 4- Aug 31, 2015"
OH,,,
OH,Bucyrus,,"June 4- Aug 31, 2015"
OH,,,
OH,Upper Sandusky,,"June 4- Aug 31, 2015"
OH,,,
OH,Wooster ,,"June 4- Aug 31, 2015"
OH,,,
OH,Marietta,,"June 4- Aug 31, 2015"
OH,,,
OH,McArthur,,"June 4- Aug 31, 2015"
OH,,,
OH,Van Wert,,"June 4- Aug 31, 2015"
OH,,,
OH,New Philadelphia,,"June 4- Aug 31, 2015"
OH,,,
OH,Warren,,"June 4- Aug 31, 2015"
OH,,,
OH,Sidney,,"June 4- Aug 31, 2015"
OH,,,
OH,Tiffin,,"June 4- Aug 31, 2015"
OH,,,
OH,Portsmouth,,"June 4- Aug 31, 2015"
OH,,,
OH,Fremont,,"June 4- Aug 31, 2015"
OH,,,
OH,Chillicothe,,"June 4- Aug 31, 2015"
OH,,,
OH,Mansfield,,"June 4- Aug 31, 2015"
OH,,,
OH,Ottawa,,"June 4- Aug 31, 2015"
OH,,,
OH,Eaton,,"June 4- Aug 31, 2015"
OH,,,
OH,Ravenna,,"June 4- Aug 31, 2015"
OH,,,
OH,Waverly,,"June 4- Aug 31, 2015"
OH,,,
OH,Circleville,,"June 4- Aug 31, 2015"
OH,,,
OH,New Lexington,,"June 4- Aug 31, 2015"
OH,,,
OH,Paulding,,"June 4- Aug 31, 2015"
OH,,,
OH,Port Clinton,,"June 4- Aug 31, 2015"
OH,,,
OH,Caldwell,,"June 4- Aug 31, 2015"
OH,,,
OH,Zanesville,,"June 4- Aug 31, 2015"
OH,,,
OH,Mount Glead,,"June 4- Aug 31, 2015"
OH,,,
OH,McConnellsville,,"June 4- Aug 31, 2015"
OH,,,
OH,Celina,,"June 4- Aug 31, 2015"
OH,,,
OH,Pomeroy,,"June 4- Aug 31, 2015"
OH,,,
OH,Medina,,"June 4- Aug 31, 2015"
OH,,,
OH,Marion,,"June 4- Aug 31, 2015"
OH,,,
OH,Youngstown,,"June 4- Aug 31, 2015"
OH,,,
OH,London,,"June 4- Aug 31, 2015"
OH,,,
OH,Elyria,,"June 4- Aug 31, 2015"
OH,,,
OH,Bellefountaine,,"June 4- Aug 31, 2015"
OH,,,
OH,Painesville,,"June 4- Aug 31, 2015"
OH,,,
OH,Mount Vernon,,"June 4- Aug 31, 2015"
OH,,,
OH,Steubenville,,"June 4- Aug 31, 2015"
OH,,,
OH,Jackson,,"June 4- Aug 31, 2015"
OH,,,
OH,Norwalk,,"June 4- Aug 31, 2015"
OH,,,
OH,Millersburg,,"June 4- Aug 31, 2015"
OH,,,
OH,Logan,,"June 4- Aug 31, 2015"
OH,,,
OH,Hillsburo,,"June 4- Aug 31, 2015"
OH,,,
OH,Napoleon,,"June 4- Aug 31, 2015"
OH,,,
OH,Cadiz,,"June 4- Aug 31, 2015"
OH,,,
OH,Kenton,,"June 4- Aug 31, 2015"
OH,,,
OH,Findlay,,"June 4- Aug 31, 2015"
OH,,,
OH,Cambridge,,"June 4- Aug 31, 2015"
OH,,,
OH,Xenia,,"June 4- Aug 31, 2015"
OH,,,
OH,Chardon,,"June 4- Aug 31, 2015"
OH,,,
OH,Gallipolis,,"June 4- Aug 31, 2015"
OH,,,
OH,Wauseon,,"June 4- Aug 31, 2015"
OH,,,
OH,Sandusky ,,"June 4- Aug 31, 2015"
OH,,,
OH,Defiance,,"June 4- Aug 31, 2015"
OH,,,
OH,Greenville,,"June 4- Aug 31, 2015"
OH,,,
OH,Coshocton,,"June 4- Aug 31, 2015"
OH,,,
OK,Entire State,18-Jun-15,
OK,,,
OR,Entire State,None,
OR,,,
OR,Portland,None,
OR,,,
PA,Entire State,27-Jun-15,
PA,,,
PA,,28-Jun-15,
PA,,,
PA,,29-Jun-15,
PA,,,
PA,,30-Jun-15,
PA,Erie,13-Jun-15,11-Jun-15
PA,,,
PA,,22-Jun-15,12-Jun-15
PA,,,
PA,,27-Jun-15,15-Jun-15
PA,,,
PA,,29-Jun-15,16-Jun-15
PA,,,
PA,,,17-Jun-15
PA,,,
PA,,,18-Jun-15
PA,,,
PA,,,19-Jun-15
PA,,,
PA,,,23-Jun-15
PA,,,
PA,,,24-Jun-15
PA,,,
PA,,,25-Jun-15
PA,,,
PA,,,26-Jun-15
PA,,,
PA,,,30-Jun-15
PA,,,
PA,,,
PA,,,Available Dates
PA,,,"June 30, 2015 1 available instructor"
PA,Pittsburgh,11-Jun-15,11-Jun-15
PA,,,
PA,,13-Jun-15,12-Jun-15
PA,,,
PA,,22-Jun-15,14-Jun-15
PA,,,
PA,,27-Jun-15,15-Jun-15
PA,,,
PA,,29-Jun-15,16-Jun-15
PA,,,
PA,,,17-Jun-15
PA,,,
PA,,,18-Jun-15
PA,,,
PA,,,19-Jun-15
PA,,,
PA,,,20-Jun-15
PA,,,
PA,,,24-Jun-15
PA,,,
PA,,,25-Jun-15
PA,,,
PA,,,26-Jun-15
PA,,,
PA,,,28-Jun-15
PA,,,
PA,,,30-Jun-15
PA,,,
PA,,,
PA,,,Available Dates
PA,,,
PA,,,"June 28, 2015 2 available instructors"
PA,,,
PA,,,"June 30, 2015 2 available instructor"
PA,Allentown,12-Jun-15,13-Jun-15
PA,,,
PA,,,20-Jun-15
PA,,,
PA,,,
PA,,,Available Dates
PA,,,
PA,,,"June 29, 2015 1 available instructor"
PA,,,
PA,,,"June 30, 2015 1 available instructor"
PA,Bethlehem,None,
PA,,,
PA,Reading,25-Jun-15,11-Jun-15
PA,,,
PA,,,13-Jun-15
PA,,,
PA,,,19-Jun-15
PA,,,
PA,,,23-Jun-15
PA,,,
PA,,,26-Jun-15
PA,,,
PA,,,27-Jun-15
PA,,,
PA,,,28-Jun-15
PA,,,
PA,,,29-Jun-15
PA,Wilkes-Barre/Scranton,12-Jun-15,12-Jun-15
PA,,,
PA,,17-Jun-15,13-Jun-15
PA,,,
PA,,18-Jun-15,14-Jun-15
PA,,,
PA,,20-Jun-15,15-Jun-15
PA,,,
PA,,22-Jun-15,16-Jun-15
PA,,,
PA,,23-Jun-15,19-Jun-15
PA,,,
PA,,24-Jun-15,29-Jun-15
PA,,,
PA,,25-Jun-15,30-Jun-15
PA,,,
PA,,26-Jun-15,
PA,,,Available Dates
PA,,27-Jun-15,
PA,,,"June 29, 2015 1 available instructor"
PA,,,
PA,,,"June 30, 2015 1 available instructor"
PA,Harrisburg,12-Jun-15,15-Jun-15
PA,,,
PA,,13-Jun-15,16-Jun-15
PA,,,
PA,,14-Jun-15,18-Jun-15
PA,,,
PA,,19-Jun-15,20-Jun-15
PA,,,
PA,,20-Jun-15,28-Jun-15
PA,,,
PA,,22-Jun-15,29-Jun-15
PA,,,
PA,,23-Jun-15,30-Jun-15
PA,,,
PA,,24-Jun-15,
PA,,,Available Dates
PA,,25-Jun-15,"June 30, 2015 1 available instructor"
PA,,,
PA,,26-Jun-15,
PA,,,
PA,,27-Jun-15,
PA,York,11-Jun-15,15-Jun-15
PA,,,
PA,,12-Jun-15,16-Jun-15
PA,,,
PA,,13-Jun-15,18-Jun-15
PA,,,
PA,,14-Jun-15,19-Jun-15
PA,,,
PA,,22-Jun-15,26-Jun-15
PA,,,
PA,,23-Jun-15,28-Jun-15
PA,,,
PA,,25-Jun-15,29-Jun-15
PA,,,
PA,,27-Jun-15,30-Jun-15
PA,,,
PA,,,
PA,,,Available Dates
PA,,,
PA,,,"June 28, 2015 1 available instructor"
PA,,,
PA,,,"June 29, 2015 2 available instructors"
PA,,,"June 30, 2015 2 available instructors"
PA,Dubois,None,
PA,,,
PA,State College,11-Jun-15,17-Jun-15
PA,,,
PA,,12-Jun-15,19-Jun-15
PA,,,
PA,,20-Jun-15,23-Jun-15
PA,,,
PA,,,24-Jun-14
PA,,,
PA,,,
PA,,,Available Dates
PA,,,"June 30, 2015 1 available instructor"
PA,Lancaster,6-Jun-15,16-Jun-15
PA,,,
PA,,11-Jun-15,19-Jun-15
PA,,,
PA,,12-Jun-15,28-Jun-15
PA,,,
PA,,20-Jun-15,29-Jun-15
PA,,,
PA,,22-Jun-15,
PA,,,Available Dates
PA,,23-Jun-15,
PA,,,"June 28, 2015 1 available instructor"
PA,,24-Jun-15,
PA,,,"June 29, 2015 2 available instructors"
PA,,25-Jun-15,
PA,,,"June 30, 2015 2 available instructors"
PA,,26-Jun-15,
PA,,,
PA,,27-Jun-15,
PA,Princeton,17-Jun-15,
PA,,,
PA,,18-Jun-15,
PA,,,
PA,,19-Jun-15,
PA,,,
PA,,23-Jun-15,
PA,,,
PA,,25-Jun-15,
PA,,,
PA,,26-Jun-15,
PA,,,
PA,,27-Jun-15,
PA,Warren,None,
PA,,,
PA,Smethport,None,
PA,,,
PA,Coudersport,None,
PA,,,
PA,Meadville,None,
PA,,,
PA,Franklin,None,
PA,,,
PA,Tionesta,None,
PA,,,
PA,Ridgway,None,
PA,,,
PA,Emporium,None,
PA,,,
PA,Mercer,None,
PA,,,
PA,Clarion,None,
PA,,,
PA,Brookville,None,
PA,,,
PA,Clearfield,None,
PA,,,
PA,Bellefonte,None,
PA,,,
PA,Lock Haven,None,
PA,,,
PA,New Castle,None,
PA,,,
PA,Butler,29-Jun-15,
PA,,,
PA,Beaver,29-Jun-15,
PA,,,
PA,Kittanning,None,
PA,,,
PA,Indiana,None,
PA,,,
PA,Ebensburg,None,
PA,,,
PA,Huntingdon,None,
PA,,,
PA,Holidaysburg,None,
PA,,,
PA,Gettysburg,22-Jun-15,14-Jun-15
PA,,,
PA,,27-Jun-15,15-Jun-15
PA,,,
PA,,,17-Jun-15
PA,,,
PA,,,26-Jun-15
PA,,,
PA,,,28-Jun-15
PA,,,
PA,,,29-Jun-15
PA,,,
PA,,,
PA,,,Available Dates
PA,,,
PA,,,"June 28, 2015 1 available instructor"
PA,,,
PA,,,"June 29, 2015 2 available instructors"
PA,,,"June 30, 2015 2 available instructors"
PA,Washington,None,
PA,,,
PA,Waynesburg,None,
PA,,,
PA,Greensburg,29-Jun-15,Available Dates
PA,,,
PA,,,"June 28, 2015 2 available instructors"
PA,,,"June 30, 2015 2 available instructor"
PA,Chambersburg,None,
PA,,,
PA,McConnellsburg,None,
PA,,,
PA,Bedford,None,
PA,,,
PA,Somerset,None,
PA,,,
PA,Uniontown,None,Available Dates
PA,,,
PA,,,"June 28, 2015 2 available instructors"
PA,,,"June 30, 2015 2 available instructor"
PA,Carlisle,14-Jun-15,15-Jun-15
PA,,,
PA,,22-Jun-15,17-Jun-15
PA,,,
PA,,27-Jun-15,26-Jun-15
PA,,,
PA,,,28-Jun-15
PA,Philadelphia,11-Jun-15,12-Jun-15
PA,,,
PA,,12-Jun-15,15-Jun-15
PA,,,
PA,,13-Jun-15,16-Jun-15
PA,,,
PA,,14-Jun-15,17-Jun-15
PA,,,
PA,,19-Jun-15,25-Jun-15
PA,,,
PA,,20-Jun-15,27-Jun-15
PA,,,
PA,,22-Jun-15,28-Jun-15
PA,,,
PA,,23-Jun-15,30-Jun-15
PA,,,
PA,,24-Jun-15,
PA,,,Available Dates
PA,,25-Jun-15,
PA,,,"June 27, 2015 1 available instructor"
PA,,26-Jun-15,
PA,,,"June 28, 2015 2 available instructors"
PA,,29-Jun-15,
PA,,,"June 29, 2015 2 available instructors"
PA,,,
PA,,,"June 30, 2015 2 available instructors"
PA,Bucks,None,
PA,,,
PA,Montgomery,None,
PA,,,
PA,Delaware,None,
PA,,,
PA,Chester,None,
PA,,,
PA,Poconos,None,
PA,,,
PA,Indiana,None,
PA,,,
PA,Mechanicsburg,14-Jun-15,15-Jun-15
PA,,,
PA,,22-Jun-15,26-Jun-15
PA,,27-Jun-15,
PA,,,28-Jun-15
PA,,,
PA,,,29-Jun-15
PA,Downington,11-Jun-15,7-Jun-15
PA,,,
PA,,19-Jun-15,10-Jun-15
PA,,,
PA,,20-Jun-15,12-Jun-15
PA,,,
PA,,22-Jun-15,14-Jun-15
PA,,,
PA,,23-Jun-15,17-Jun-15
PA,,,
PA,,24-Jun-15,28-Jun-15
PA,,,
PA,,25-Jun-15,30-Jun-15
PA,,,
PA,,29-Jun-15,
PA,Fairless Hills,11-Jun-15,12-Jun-15
PA,,,
PA,,19-Jun-15,14-Jun-15
PA,,,
PA,,20-Jun-15,17-Jun-15
PA,,,
PA,,22-Jun-15,27-Jun-15
PA,,,
PA,,23-Jun-15,28-Jun-15
PA,,,
PA,,24-Jun-15,30-Jun-15
PA,,,
PA,,25-Jun-15,
PA,,,
PA,,29-Jun-15,
PA,Malvern,11-Jun-15,12-Jun-15
PA,,,
PA,,19-Jun-15,14-Jun-15
PA,,,
PA,,20-Jun-15,17-Jun-15
PA,,,
PA,,22-Jun-15,27-Jun-15
PA,,,
PA,,23-Jun-15,28-Jun-15
PA,,,
PA,,24-Jun-15,30-Jun-15
PA,,,
PA,,25-Jun-15,
PA,,,
PA,,29-Jun-15,
PA,Kind of Prussia,11-Jun-15,12-Jun-15
PA,,,
PA,,19-Jun-15,14-Jun-15
PA,,,
PA,,20-Jun-15,17-Jun-15
PA,,,
PA,,22-Jun-15,27-Jun-15
PA,,,
PA,,23-Jun-15,28-Jun-15
PA,,,
PA,,24-Jun-15,30-Jun-15
PA,,,
PA,,25-Jun-15,
PA,,,
PA,,29-Jun-15,
PA,Norristown,11-Jun-15,12-Jun-15
PA,,,
PA,,19-Jun-15,14-Jun-15
PA,,,
PA,,20-Jun-15,17-Jun-15
PA,,,
PA,,22-Jun-15,27-Jun-15
PA,,,
PA,,23-Jun-15,28-Jun-15
PA,,,
PA,,24-Jun-15,30-Jun-15
PA,,,
PA,,25-Jun-15,
PA,,,
PA,,29-Jun-15,
PA,Chester,11-Jun-15,12-Jun-15
PA,,,
PA,,19-Jun-15,14-Jun-15
PA,,,
PA,,20-Jun-15,17-Jun-15
PA,,,
PA,,22-Jun-15,27-Jun-15
PA,,,
PA,,23-Jun-15,28-Jun-15
PA,,,
PA,,24-Jun-15,30-Jun-15
PA,,,
PA,,25-Jun-15,
PA,,,
PA,,29-Jun-15,
RI,,,"June 20-June 25, 2015"
RI,,,
SC,Entire State,13-Jun-15,
SC,,,
SC,Columbia,None,
SC,,,
SC,Greenville,None,
SC,,,
SC,Charleston/North Charleston,None,
SC,,,
SD,Sioux Falls,,Anything within an hour radius of Sioux Falls does not need approval.  All other areas of South Dakota need approval.
SD,,,
TX,Abilene,Indefinitely (outside instructor required),No local instructors; possible LTP with advance notice
TX,,,
TX,Amarillo,13-Jun-15,
TX,,,
TX,,15-Jun-15,
TX,,,
TX,,16-Jun-15,
TX,,,
TX,,17-Jun-15,
TX,,,
TX,,18-Jun-15,
TX,,,
TX,,19-Jun-15,
TX,,,
TX,,20-Jun-15,
TX,,,
TX,,24-Jun-15,
TX,,,
TX,,25-Jun-15,
TX,,,
TX,,26-Jun-15,
TX,,,
TX,,27-Jun-15,
TX,Austin,13-Jun-15,
TX,,,
TX,,14-Jun-15,
TX,,,
TX,,15-Jun-15,
TX,,,
TX,,16-Jun-15,
TX,,,
TX,,19-Jun-15,
TX,,,
TX,,20-Jun-15,
TX,,,
TX,,25-Jun-15,
TX,,,
TX,,29-Jun-15,
TX,Beaumont,12-Jun-15,
TX,,,
TX,,13-Jun-15,
TX,,,
TX,,15-Jun-15,
TX,,,
TX,,18-Jun-15,
TX,,,
TX,,20-Jun-15,
TX,,,
TX,,26-Jun-15,
TX,Dallas,,
TX,,13-Jun-15,
TX,,,
TX,,14-Jun-15,
TX,,,
TX,,15-Jun-15,
TX,,,
TX,,16-Jun-15,
TX,,,
TX,,17-Jun-15,
TX,,,
TX,,18-Jun-15,
TX,,,
TX,,19-Jun-15,
TX,,,
TX,,20-Jun-15,
TX,,,
TX,,23-Jun-15,
TX,,,
TX,,25-Jun-15,
TX,Fort Worth,13-Jun-15,
TX,,,
TX,,14-Jun-15,
TX,,,
TX,,15-Jun-15,
TX,,,
TX,,16-Jun-15,
TX,,,
TX,,17-Jun-15,
TX,,,
TX,,18-Jun-15,
TX,,,
TX,,19-Jun-15,
TX,,,
TX,,20-Jun-15,
TX,,,
TX,,23-Jun-15,
TX,,,
TX,,25-Jun-15,
TX,Orange,12-Jun-15,
TX,,,
TX,,13-Jun-15,
TX,,,
TX,,15-Jun-15,
TX,,,
TX,,18-Jun-15,
TX,,,
TX,,20-Jun-15,
TX,,26-Jun-15,
TX,El Paso,"June 13,2015",
TX,,,
TX,,"June 14,2015",
TX,,,
TX,,20-Jun-15,
TX,,,
TX,,"June 24,2015",
TX,,,
TX,,"June 27,2015",
TX,,,
TX,,28-Jun-15,
TX,,,
TX,,2-Jul-15,
TX,Harlingen,July 24 (no local Spanish language instructor),No local instructors; possible LTP with advance notice
TX,,,
TX,Houston,24-Jun-15,
TX,,,
TX,,28-Jun-15,
TX,,,
TX,,17-Aug-15,
TX,San Antonio,13-Jun-15,
TX,,,
TX,,16-Jun-15,
TX,,,
TX,,18-Jun-15,
TX,,,
TX,,20-Jun-15,
TX,,,
TX,,23-Jun-15,
TX,,,
TX,,27-Jun-15,
TX,Texarkana,13-Jun-15,No local instructors; possible LTP with advance notice
TX,,,
TX,,16-Jun-15,
TX,,,
TX,,17-Jun-15,
TX,,,
TX,,17-Aug-15,
TX,Corpus,,No local instructors; possible LTP with advance notice
TX,,,
TX,College Station,,No local instructors; possible LTP with advance notice
TX,,,
TX,Tyler,,No local instructors; possible LTP with advance notice
TX,,,
TX,Midland,,No local instructors; possible LTP with advance notice
TX,,,
TX,Waco,11-Jun-15,
TX,,,
TX,,12-Jun-15,
TX,,,
TX,,13-Jun-15,
TX,,,
TX,,14-Jun-15,
TX,,,
TX,,16-Jun-15,
TX,,,
TX,,17-Jun-15,
TX,,,
TX,,19-Jun-15,
TX,,,
TX,,20-Jun-15,
TX,,,
TX,,21-Jun-15,
TX,,,
TX,,22-Jun-15,
TX,,,
TX,,27-Jun-15,
TX,,,
TX,,28-Jun-15,
TX,,,
TX,,29-Jun-15,
TX,,,
TX,,30-Jun-15,
UT,Entire State,"June 23, 2015-only 1 instructor left in Salt Lake City",
UT,,,
UT,,"June 25, 2015-only 1 instructor left in Salt Lake City",
VA,Entire State,13-Jun-15,
VA,,,
VA,,"June 12, 2015 (Entire State is blacked out except Roanoke, Hampton/York and Norfolk)",
VA,,,
VA,Fairfax,20-Jun-15,
VA,,27-Jun-15,
VA,Accomak,20-Jun-15,
VA,,27-Jun-15,
VA,North Hampton,20-Jun-15,
VA,,27-Jun-15,
VA,Loudoun,20-Jun-15,
VA,,27-Jun-15,
VA,Hampton,13-Jun-15,
VA,,,
VA,Norfolk,13-Jun-15,
VA,,,
VA,Williamsburg,13-Jun-15,
VA,,,
VA,York,13-Jun-15,
VA,,,
VA,Arlington,20-Jun-15,
VA,,27-Jun-15,
VA,,,
VA,Manassas,None,
VA,,,
VA,Alexandria,20-Jun-15,
VA,,27-Jun-15,
VA,Manassas Park,20-Jun-15,
VA,,27-Jun-15,
VA,Falls Church,20-Jun-15,
VA,,27-Jun-15,
VA,Woodbridge,20-Jun-15,
VA,,27-Jun-15,
VA,Manassas,20-Jun-15,
VA,,27-Jun-15,
VA,Manassas Park,20-Jun-15,
VA,,27-Jun-15,
VA,Haymarket,20-Jun-15,
VA,,27-Jun-15,
VA,Occoquan,20-Jun-15,
VA,,27-Jun-15,
VA,Independent Hill,20-Jun-15,
VA,,27-Jun-15,
VA,Rixiew,20-Jun-15,
VA,,27-Jun-15,
VA,Greenwich,20-Jun-15,
VA,,27-Jun-15,
VA,Groveton,20-Jun-15,
VA,,27-Jun-15,
VA,Quantico,20-Jun-15,
VA,,27-Jun-15,
VA,Buckhall,20-Jun-15,
VA,,27-Jun-15,
VA,Canova,20-Jun-15,
VA,,27-Jun-15,
VA,Aden,20-Jun-15,
VA,,27-Jun-15,
VA,Hickory Ridge,20-Jun-15,
VA,,27-Jun-15,
VA,Dumfries,20-Jun-15,
VA,,27-Jun-15,
VA,Brenstsville,20-Jun-15,
VA,,27-Jun-15,
VA,Buckland,20-Jun-15,
VA,,27-Jun-15,
VA,Antioch,20-Jun-15,
VA,,27-Jun-15,
VA,Bristow,20-Jun-15,
VA,,27-Jun-15,
VA,Carharpin,20-Jun-15,
VA,,27-Jun-15,
VA,Minnieville,20-Jun-15,
VA,,27-Jun-15,
VA,Cornwell,20-Jun-15,
VA,,27-Jun-15,
VA,Joplin,20-Jun-15,
VA,,27-Jun-15,
VA,Thoroughfare,20-Jun-15,
VA,,27-Jun-15,
VA,Kopp,20-Jun-15,
VA,,27-Jun-15,
VA,Leesburg,20-Jun-15,
VA,,27-Jun-15,
VA,Aldie,20-Jun-15,
VA,,27-Jun-15,
VA,Ashburn,20-Jun-15,
VA,,27-Jun-15,
VA,Lovettsville,20-Jun-15,
VA,,27-Jun-15,
VA,Brambleton,20-Jun-15,
VA,,27-Jun-15,
VA,Purcellville,20-Jun-15,
VA,,27-Jun-15,
VA,Middleburg,20-Jun-15,
VA,,27-Jun-15,
VA,South Riding,20-Jun-15,
VA,,27-Jun-15,
VA,Round Hill,20-Jun-15,
VA,,27-Jun-15,
VA,Waterford,20-Jun-15,
VA,,27-Jun-15,
VA,Bluemont,20-Jun-15,
VA,,27-Jun-15,
VA,Hamilton,20-Jun-15,
VA,,27-Jun-15,
VA,Dulles,20-Jun-15,
VA,,27-Jun-15,
VA,Hillsboro,20-Jun-15,
VA,,27-Jun-15,
VA,Lucketts,20-Jun-15,
VA,,27-Jun-15,
VA,Arcola,20-Jun-15,
VA,,27-Jun-15,
VA,Broadlands,20-Jun-15,
VA,,27-Jun-15,
VA,Stone Ridge,20-Jun-15,
VA,,27-Jun-15,
VA,Sterling Park,20-Jun-15,
VA,,27-Jun-15,
VA,Philoment,20-Jun-15,
VA,,27-Jun-15,
VA,Oatlands,20-Jun-15,
VA,,27-Jun-15,
VA,Paeonian Springs,20-Jun-15,
VA,,27-Jun-15,
VA,Taylorstown,20-Jun-15,
VA,,27-Jun-15,
VA,Loudon Heights,20-Jun-15,
VA,,27-Jun-15,
VA,Gilberts Corner,20-Jun-15,
VA,,27-Jun-15,
VA,Unison,20-Jun-15,
VA,,27-Jun-15,
VA,Waxpool,20-Jun-15,
VA,,27-Jun-15,
VA,Lenah,20-Jun-15,
VA,,27-Jun-15,
VA,Neersville,20-Jun-15,
VA,,27-Jun-15,
VA,Lincoln,20-Jun-15,
VA,,27-Jun-15,
VA,Sycolin,20-Jun-15,
VA,,27-Jun-15,
VA,Wheatland,20-Jun-15,
VA,,27-Jun-15,
VA,Clifton,20-Jun-15,
VA,,27-Jun-15,
VA,Dranesville,20-Jun-15,
VA,,27-Jun-15,
VA,Vienna,20-Jun-15,
VA,,27-Jun-15,
VA,Fair Lakes,20-Jun-15,
VA,,27-Jun-15,
VA,Herndon,20-Jun-15,
VA,,27-Jun-15,
VA,Langley,20-Jun-15,
VA,,27-Jun-15,
VA,Fairfax Station,20-Jun-15,
VA,,27-Jun-15,
VA,Oak Hill,20-Jun-15,
VA,,27-Jun-15,
VA,Greenbriar,20-Jun-15,
VA,,27-Jun-15,
VA,Accotink,20-Jun-15,
VA,,27-Jun-15,
VA,Culmore,20-Jun-15,
VA,,27-Jun-15,
VA,Pohick Mason Neck,20-Jun-15,
VA,,27-Jun-15,
VA,Colchester,20-Jun-15,
VA,,27-Jun-15,
VA,Jermantown,20-Jun-15,
VA,,27-Jun-15,
VA,Cooktown,20-Jun-15,
VA,,27-Jun-15,
VA,Rutherford,20-Jun-15,
VA,,27-Jun-15,
VA,Butts Corner,20-Jun-15,
VA,,27-Jun-15,
VA,Codricks Corner,20-Jun-15,
VA,,27-Jun-15,
VA,Compton's Corner,20-Jun-15,
VA,,27-Jun-15,
VA,Arcturus,20-Jun-15,
VA,,27-Jun-15,
VA,Five Forks,20-Jun-15,
VA,,27-Jun-15,
VA,Hollindale,20-Jun-15,
VA,,27-Jun-15,
VA,Blevinstown,20-Jun-15,
VA,,27-Jun-15,
VA,West Hampton,20-Jun-15,
VA,,27-Jun-15,
VA,Barkers Crossroads,20-Jun-15,
VA,,27-Jun-15,
VA,Cobbs Corner,20-Jun-15,
VA,,27-Jun-15,
VA,Browns Mill,20-Jun-15,
VA,,27-Jun-15,
VA,Shady Oak,20-Jun-15,
VA,,27-Jun-15,
VA,Hayfield,20-Jun-15,
VA,,27-Jun-15,
VA,Ft. Belvoir,20-Jun-15,
VA,,27-Jun-15,
VA,Cape Charles,20-Jun-15,
VA,,27-Jun-15,
VA,Exmore,20-Jun-15,
VA,,27-Jun-15,
VA,Cherton,20-Jun-15,
VA,,27-Jun-15,
VA,Cherrystone,20-Jun-15,
VA,,27-Jun-15,
VA,Eastville,20-Jun-15,
VA,,27-Jun-15,
VA,Nassaswadox,20-Jun-15,
VA,,27-Jun-15,
VA,Belle Haven,20-Jun-15,
VA,,27-Jun-15,
VA,Birdsnest,20-Jun-15,
VA,,27-Jun-15,
VA,Accomac,20-Jun-15,
VA,,27-Jun-15,
VA,Parksley,20-Jun-15,
VA,,27-Jun-15,
VA,Tangler,20-Jun-15,
VA,,27-Jun-15,
VA,Keller,20-Jun-15,
VA,,27-Jun-15,
VA,Onancock,20-Jun-15,
VA,,27-Jun-15,
VA,Hanley,20-Jun-15,
VA,,27-Jun-15,
VA,Wachapregue,20-Jun-15,
VA,,27-Jun-15,
VA,Bloxom,20-Jun-15,
VA,,27-Jun-15,
VA,Hailwood,20-Jun-15,
VA,,27-Jun-15,
VA,Chincotegue,20-Jun-15,
VA,,27-Jun-15,
VA,Melfa,20-Jun-15,
VA,,27-Jun-15,
VA,Painter,20-Jun-15,
VA,,27-Jun-15,
VA,Saxis,20-Jun-15,
VA,,27-Jun-15,
VA,Assawoman,20-Jun-15,
VA,,27-Jun-15,
WA,Entire State,None,
WA,,,
WA,Seattle,None,
WA,,,
WA,Spokane,None,
WA,,,
WA,Vancouver,None,
WA,,,
WI,Entire State,(All dates below blacked out for Babysitter's Training Classes ONLY),
WI,,,
WI,,15-Jun-15,
WI,,,
WI,,16-Jun-15,
WI,,,
WI,,17-Jun-15,
WI,,,
WI,,20-Jun-15,
WI,,,
WI,,25-Jun-15,
WI,,,
WI,,26-Jun-15,
WY,Entire State,None,
WY,,,
WY,,,